feature_week_id,feature_date,target_week_id,target_date,target_tenor,horizon,target_rule,benchmark_role,direction,confidence,label,is_correct,frequency,model_id,source,close_col,prob_up,threshold_used,model_margin,training_rows,calibration_rows,feature_count,effective_week_id
202501,2025-01-03,202502,2025-01-10,1Y,6,next_week_average_yield_vs_current_week_average_yield,platform-current,-1,0.3235494473529013,1,false,W1Y,WEEKLY-1Y-LGBM-01,weekly_wi1c_lgbm_final_selected,TB1YWI1C,0.3235494473529013,0.48,-0.1564505526470986,355,101,366,202501
202502,2025-01-10,202503,2025-01-17,1Y,6,next_week_average_yield_vs_current_week_average_yield,platform-current,1,0.695021135603787,1,true,W1Y,WEEKLY-1Y-LGBM-01,weekly_wi1c_lgbm_final_selected,TB1YWI1C,0.695021135603787,0.48,0.215021135603787,356,101,366,202502
202503,2025-01-17,202504,2025-01-26,1Y,6,next_week_average_yield_vs_current_week_average_yield,platform-current,1,0.6956815589663673,1,true,W1Y,WEEKLY-1Y-LGBM-01,weekly_wi1c_lgbm_final_selected,TB1YWI1C,0.6956815589663673,0.48,0.2156815589663673,357,101,366,202503
202504,2025-01-24,202505,2025-01-27,1Y,6,next_week_average_yield_vs_current_week_average_yield,platform-current,1,0.6433526623668674,-1,false,W1Y,WEEKLY-1Y-LGBM-01,weekly_wi1c_lgbm_final_selected,TB1YWI1C,0.6433526623668674,0.48,0.1633526623668674,358,101,366,202504
202505,2025-01-27,202506,2025-02-08,1Y,6,next_week_average_yield_vs_current_week_average_yield,platform-current,-1,0.3928998472730319,-1,true,W1Y,WEEKLY-1Y-LGBM-01,weekly_wi1c_lgbm_final_selected,TB1YWI1C,0.3928998472730319,0.48,-0.087100152726968,358,102,366,202505
202506,2025-02-07,202507,2025-02-14,1Y,6,next_week_average_yield_vs_current_week_average_yield,platform-current,-1,0.3255346478977465,1,false,W1Y,WEEKLY-1Y-LGBM-01,weekly_wi1c_lgbm_final_selected,TB1YWI1C,0.3255346478977465,0.49,-0.1644653521022535,359,102,366,202506
202507,2025-02-14,202508,2025-02-21,1Y,6,next_week_average_yield_vs_current_week_average_yield,platform-current,1,0.6964960711442265,1,true,W1Y,WEEKLY-1Y-LGBM-01,weekly_wi1c_lgbm_final_selected,TB1YWI1C,0.6964960711442265,0.5599999999999999,0.1364960711442265,360,102,366,202507
202508,2025-02-21,202509,2025-02-28,1Y,6,next_week_average_yield_vs_current_week_average_yield,platform-current,1,0.6978119715548344,1,true,W1Y,WEEKLY-1Y-LGBM-01,weekly_wi1c_lgbm_final_selected,TB1YWI1C,0.6978119715548344,0.5599999999999999,0.1378119715548345,361,102,366,202508
202509,2025-02-28,202510,2025-03-07,1Y,6,next_week_average_yield_vs_current_week_average_yield,platform-current,-1,0.4513146599386728,1,false,W1Y,WEEKLY-1Y-LGBM-01,weekly_wi1c_lgbm_final_selected,TB1YWI1C,0.4513146599386728,0.5599999999999999,-0.108685340061327,361,103,366,202509
202510,2025-03-07,202511,2025-03-14,1Y,6,next_week_average_yield_vs_current_week_average_yield,platform-current,1,0.6816120568715419,1,true,W1Y,WEEKLY-1Y-LGBM-01,weekly_wi1c_lgbm_final_selected,TB1YWI1C,0.6816120568715419,0.5499999999999999,0.1316120568715419,362,103,366,202510
202511,2025-03-14,202512,2025-03-21,1Y,6,next_week_average_yield_vs_current_week_average_yield,platform-current,-1,0.4439214680189132,-1,true,W1Y,WEEKLY-1Y-LGBM-01,weekly_wi1c_lgbm_final_selected,TB1YWI1C,0.4439214680189132,0.5599999999999999,-0.1160785319810867,363,103,366,202511
202512,2025-03-21,202513,2025-03-28,1Y,6,next_week_average_yield_vs_current_week_average_yield,platform-current,-1,0.4349675913630912,-1,true,W1Y,WEEKLY-1Y-LGBM-01,weekly_wi1c_lgbm_final_selected,TB1YWI1C,0.4349675913630912,0.5599999999999999,-0.1250324086369086,364,103,366,202512
202513,2025-03-28,202514,2025-04-03,1Y,6,next_week_average_yield_vs_current_week_average_yield,platform-current,-1,0.3231163335585803,-1,true,W1Y,WEEKLY-1Y-LGBM-01,weekly_wi1c_lgbm_final_selected,TB1YWI1C,0.3231163335585803,0.5599999999999999,-0.2368836664414196,365,103,366,202513
202514,2025-04-03,202515,2025-04-11,1Y,6,next_week_average_yield_vs_current_week_average_yield,platform-current,-1,0.3231163335585803,-1,true,W1Y,WEEKLY-1Y-LGBM-01,weekly_wi1c_lgbm_final_selected,TB1YWI1C,0.3231163335585803,0.5599999999999999,-0.2368836664414196,365,104,366,202514
202515,2025-04-11,202516,2025-04-18,1Y,6,next_week_average_yield_vs_current_week_average_yield,platform-current,-1,0.3223515631817688,-1,true,W1Y,WEEKLY-1Y-LGBM-01,weekly_wi1c_lgbm_final_selected,TB1YWI1C,0.3223515631817688,0.5599999999999999,-0.2376484368182311,366,104,366,202515
202516,2025-04-18,202517,2025-04-27,1Y,6,next_week_average_yield_vs_current_week_average_yield,platform-current,1,0.6447943580392956,1,true,W1Y,WEEKLY-1Y-LGBM-01,weekly_wi1c_lgbm_final_selected,TB1YWI1C,0.6447943580392956,0.5599999999999999,0.0847943580392956,367,104,366,202516
202517,2025-04-25,202518,2025-04-30,1Y,6,next_week_average_yield_vs_current_week_average_yield,platform-current,1,0.648956153555008,1,true,W1Y,WEEKLY-1Y-LGBM-01,weekly_wi1c_lgbm_final_selected,TB1YWI1C,0.648956153555008,0.5499999999999999,0.098956153555008,368,104,366,202517
202518,2025-04-30,202519,2025-05-09,1Y,6,next_week_average_yield_vs_current_week_average_yield,platform-current,-1,0.4060686378862978,-1,true,W1Y,WEEKLY-1Y-LGBM-01,weekly_wi1c_lgbm_final_selected,TB1YWI1C,0.4060686378862978,0.5499999999999999,-0.1439313621137021,368,105,366,202518
202519,2025-05-09,202520,2025-05-16,1Y,6,next_week_average_yield_vs_current_week_average_yield,platform-current,-1,0.3216699779955796,1,false,W1Y,WEEKLY-1Y-LGBM-01,weekly_wi1c_lgbm_final_selected,TB1YWI1C,0.3216699779955796,0.5499999999999999,-0.2283300220044203,369,105,366,202519
202520,2025-05-16,202521,2025-05-23,1Y,6,next_week_average_yield_vs_current_week_average_yield,platform-current,1,0.645754189091536,1,true,W1Y,WEEKLY-1Y-LGBM-01,weekly_wi1c_lgbm_final_selected,TB1YWI1C,0.645754189091536,0.5599999999999999,0.085754189091536,370,105,366,202520
202521,2025-05-23,202522,2025-05-30,1Y,6,next_week_average_yield_vs_current_week_average_yield,platform-current,-1,0.4903724596166286,1,false,W1Y,WEEKLY-1Y-LGBM-01,weekly_wi1c_lgbm_final_selected,TB1YWI1C,0.4903724596166286,0.5599999999999999,-0.0696275403833713,371,105,366,202521
202522,2025-05-30,202523,2025-06-06,1Y,6,next_week_average_yield_vs_current_week_average_yield,platform-current,-1,0.4782139067792292,-1,true,W1Y,WEEKLY-1Y-LGBM-01,weekly_wi1c_lgbm_final_selected,TB1YWI1C,0.4782139067792292,0.5599999999999999,-0.0817860932207706,372,105,366,202522
202523,2025-06-06,202524,2025-06-13,1Y,6,next_week_average_yield_vs_current_week_average_yield,platform-current,-1,0.324061643030383,-1,true,W1Y,WEEKLY-1Y-LGBM-01,weekly_wi1c_lgbm_final_selected,TB1YWI1C,0.324061643030383,0.5599999999999999,-0.2359383569696169,372,106,366,202523
202524,2025-06-13,202525,2025-06-20,1Y,6,next_week_average_yield_vs_current_week_average_yield,platform-current,-1,0.3782792738840769,-1,true,W1Y,WEEKLY-1Y-LGBM-01,weekly_wi1c_lgbm_final_selected,TB1YWI1C,0.3782792738840769,0.5599999999999999,-0.181720726115923,373,106,366,202524
202525,2025-06-20,202526,2025-06-27,1Y,6,next_week_average_yield_vs_current_week_average_yield,platform-current,-1,0.3222071691781107,-1,true,W1Y,WEEKLY-1Y-LGBM-01,weekly_wi1c_lgbm_final_selected,TB1YWI1C,0.3222071691781107,0.48,-0.1577928308218892,374,106,366,202525
202526,2025-06-27,202527,2025-07-04,1Y,6,next_week_average_yield_vs_current_week_average_yield,platform-current,-1,0.3785376275671602,-1,true,W1Y,WEEKLY-1Y-LGBM-01,weekly_wi1c_lgbm_final_selected,TB1YWI1C,0.3785376275671602,0.5499999999999999,-0.1714623724328397,375,106,366,202526
202527,2025-07-04,202528,2025-07-11,1Y,6,next_week_average_yield_vs_current_week_average_yield,platform-current,-1,0.3202540518254457,1,false,W1Y,WEEKLY-1Y-LGBM-01,weekly_wi1c_lgbm_final_selected,TB1YWI1C,0.3202540518254457,0.5499999999999999,-0.2297459481745541,375,107,366,202527
202528,2025-07-11,202529,2025-07-18,1Y,6,next_week_average_yield_vs_current_week_average_yield,platform-current,1,0.6940737748074407,-1,false,W1Y,WEEKLY-1Y-LGBM-01,weekly_wi1c_lgbm_final_selected,TB1YWI1C,0.6940737748074407,0.5499999999999999,0.1440737748074407,376,107,366,202528
202529,2025-07-18,202530,2025-07-25,1Y,6,next_week_average_yield_vs_current_week_average_yield,platform-current,-1,0.3810975118998707,1,false,W1Y,WEEKLY-1Y-LGBM-01,weekly_wi1c_lgbm_final_selected,TB1YWI1C,0.3810975118998707,0.5499999999999999,-0.1689024881001292,377,107,366,202529
202530,2025-07-25,202531,2025-08-01,1Y,6,next_week_average_yield_vs_current_week_average_yield,platform-current,1,0.6952408562603808,1,true,W1Y,WEEKLY-1Y-LGBM-01,weekly_wi1c_lgbm_final_selected,TB1YWI1C,0.6952408562603808,0.47,0.2252408562603808,378,107,366,202530
202531,2025-08-01,202532,2025-08-08,1Y,6,next_week_average_yield_vs_current_week_average_yield,platform-current,-1,0.3179885268053133,-1,true,W1Y,WEEKLY-1Y-LGBM-01,weekly_wi1c_lgbm_final_selected,TB1YWI1C,0.3179885268053133,0.47,-0.1520114731946866,379,107,366,202531
202532,2025-08-08,202533,2025-08-15,1Y,6,next_week_average_yield_vs_current_week_average_yield,platform-current,-1,0.3179885268053133,1,false,W1Y,WEEKLY-1Y-LGBM-01,weekly_wi1c_lgbm_final_selected,TB1YWI1C,0.3179885268053133,0.47,-0.1520114731946866,379,108,366,202532
202533,2025-08-15,202534,2025-08-22,1Y,6,next_week_average_yield_vs_current_week_average_yield,platform-current,-1,0.4719547069536093,1,false,W1Y,WEEKLY-1Y-LGBM-01,weekly_wi1c_lgbm_final_selected,TB1YWI1C,0.4719547069536093,0.48,-0.0080452930463906,380,108,366,202533
202534,2025-08-22,202535,2025-08-29,1Y,6,next_week_average_yield_vs_current_week_average_yield,platform-current,1,0.533866547848278,-1,false,W1Y,WEEKLY-1Y-LGBM-01,weekly_wi1c_lgbm_final_selected,TB1YWI1C,0.533866547848278,0.48,0.053866547848278,381,108,366,202534
202535,2025-08-29,202536,2025-09-05,1Y,6,next_week_average_yield_vs_current_week_average_yield,platform-current,-1,0.4608063527604031,-1,true,W1Y,WEEKLY-1Y-LGBM-01,weekly_wi1c_lgbm_final_selected,TB1YWI1C,0.4608063527604031,0.47,-0.0091936472395968,382,108,366,202535
202536,2025-09-05,202537,2025-09-12,1Y,6,next_week_average_yield_vs_current_week_average_yield,platform-current,1,0.6180189966419662,1,true,W1Y,WEEKLY-1Y-LGBM-01,weekly_wi1c_lgbm_final_selected,TB1YWI1C,0.6180189966419662,0.47,0.1480189966419662,382,109,366,202536
202537,2025-09-12,202538,2025-09-19,1Y,6,next_week_average_yield_vs_current_week_average_yield,platform-current,-1,0.4540823868218725,-1,true,W1Y,WEEKLY-1Y-LGBM-01,weekly_wi1c_lgbm_final_selected,TB1YWI1C,0.4540823868218725,0.4599999999999999,-0.0059176131781274,383,109,366,202537
202538,2025-09-19,202539,2025-09-26,1Y,6,next_week_average_yield_vs_current_week_average_yield,platform-current,-1,0.3951799292759675,-1,true,W1Y,WEEKLY-1Y-LGBM-01,weekly_wi1c_lgbm_final_selected,TB1YWI1C,0.3951799292759675,0.4999999999999999,-0.1048200707240323,384,109,366,202538
202539,2025-09-26,202540,2025-09-30,1Y,6,next_week_average_yield_vs_current_week_average_yield,platform-current,-1,0.4517342337784574,-1,true,W1Y,WEEKLY-1Y-LGBM-01,weekly_wi1c_lgbm_final_selected,TB1YWI1C,0.4517342337784574,0.4999999999999999,-0.0482657662215424,385,109,366,202539
202540,2025-09-30,202541,2025-10-10,1Y,6,next_week_average_yield_vs_current_week_average_yield,platform-current,-1,0.3230097934854211,-1,true,W1Y,WEEKLY-1Y-LGBM-01,weekly_wi1c_lgbm_final_selected,TB1YWI1C,0.3230097934854211,0.49,-0.1669902065145788,386,109,366,202540
202541,2025-10-10,202542,2025-10-17,1Y,6,next_week_average_yield_vs_current_week_average_yield,platform-current,-1,0.3948531459083922,1,false,W1Y,WEEKLY-1Y-LGBM-01,weekly_wi1c_lgbm_final_selected,TB1YWI1C,0.3948531459083922,0.49,-0.0951468540916077,386,110,366,202541
202542,2025-10-17,202543,2025-10-24,1Y,6,next_week_average_yield_vs_current_week_average_yield,platform-current,1,0.6102017254006011,1,true,W1Y,WEEKLY-1Y-LGBM-01,weekly_wi1c_lgbm_final_selected,TB1YWI1C,0.6102017254006011,0.4999999999999999,0.1102017254006011,387,110,366,202542
202543,2025-10-24,202544,2025-10-31,1Y,6,next_week_average_yield_vs_current_week_average_yield,platform-current,1,0.6231434365574975,-1,false,W1Y,WEEKLY-1Y-LGBM-01,weekly_wi1c_lgbm_final_selected,TB1YWI1C,0.6231434365574975,0.48,0.1431434365574975,388,110,366,202543
202544,2025-10-31,202545,2025-11-07,1Y,6,next_week_average_yield_vs_current_week_average_yield,platform-current,-1,0.326359869374646,-1,true,W1Y,WEEKLY-1Y-LGBM-01,weekly_wi1c_lgbm_final_selected,TB1YWI1C,0.326359869374646,0.4999999999999999,-0.1736401306253538,389,110,366,202544
202545,2025-11-07,202546,2025-11-14,1Y,6,next_week_average_yield_vs_current_week_average_yield,platform-current,1,0.6163318887019464,1,true,W1Y,WEEKLY-1Y-LGBM-01,weekly_wi1c_lgbm_final_selected,TB1YWI1C,0.6163318887019464,0.4999999999999999,0.1163318887019465,390,110,366,202545
202546,2025-11-14,202547,2025-11-21,1Y,6,next_week_average_yield_vs_current_week_average_yield,platform-current,-1,0.4583076759612611,1,false,W1Y,WEEKLY-1Y-LGBM-01,weekly_wi1c_lgbm_final_selected,TB1YWI1C,0.4583076759612611,0.4999999999999999,-0.0416923240387388,390,111,366,202546
202547,2025-11-21,202548,2025-11-28,1Y,6,next_week_average_yield_vs_current_week_average_yield,platform-current,-1,0.3752616590365775,1,false,W1Y,WEEKLY-1Y-LGBM-01,weekly_wi1c_lgbm_final_selected,TB1YWI1C,0.3752616590365775,0.49,-0.1147383409634224,391,111,366,202547
202548,2025-11-28,202549,2025-12-05,1Y,6,next_week_average_yield_vs_current_week_average_yield,platform-current,-1,0.4647227039561821,-1,true,W1Y,WEEKLY-1Y-LGBM-01,weekly_wi1c_lgbm_final_selected,TB1YWI1C,0.4647227039561821,0.47,-0.0052772960438178,392,111,366,202548
202549,2025-12-05,202550,2025-12-12,1Y,6,next_week_average_yield_vs_current_week_average_yield,platform-current,-1,0.4612279686605996,-1,true,W1Y,WEEKLY-1Y-LGBM-01,weekly_wi1c_lgbm_final_selected,TB1YWI1C,0.4612279686605996,0.47,-0.0087720313394003,393,111,366,202549
202550,2025-12-12,202551,2025-12-19,1Y,6,next_week_average_yield_vs_current_week_average_yield,platform-current,-1,0.3717690581614917,-1,true,W1Y,WEEKLY-1Y-LGBM-01,weekly_wi1c_lgbm_final_selected,TB1YWI1C,0.3717690581614917,0.47,-0.0982309418385082,393,112,366,202550
202551,2025-12-19,202552,2025-12-26,1Y,6,next_week_average_yield_vs_current_week_average_yield,platform-current,-1,0.3268277734717981,-1,true,W1Y,WEEKLY-1Y-LGBM-01,weekly_wi1c_lgbm_final_selected,TB1YWI1C,0.3268277734717981,0.47,-0.1431722265282018,394,112,366,202551
202552,2025-12-26,202553,2025-12-31,1Y,6,next_week_average_yield_vs_current_week_average_yield,platform-current,-1,0.3704554768124787,1,false,W1Y,WEEKLY-1Y-LGBM-01,weekly_wi1c_lgbm_final_selected,TB1YWI1C,0.3704554768124787,0.51,-0.1395445231875213,395,112,366,202552
202553,2025-12-31,202601,2026-01-09,1Y,6,next_week_average_yield_vs_current_week_average_yield,platform-current,1,0.5870628825514796,-1,false,W1Y,WEEKLY-1Y-LGBM-01,weekly_wi1c_lgbm_final_selected,TB1YWI1C,0.5870628825514796,0.49,0.0970628825514796,396,112,366,202553
202601,2026-01-09,202602,2026-01-16,1Y,6,next_week_average_yield_vs_current_week_average_yield,platform-current,-1,0.3948329465282781,-1,true,W1Y,WEEKLY-1Y-LGBM-01,weekly_wi1c_lgbm_final_selected,TB1YWI1C,0.3948329465282781,0.48,-0.0851670534717218,397,112,366,202601
202602,2026-01-16,202603,2026-01-23,1Y,6,next_week_average_yield_vs_current_week_average_yield,platform-current,-1,0.3702437588188236,1,false,W1Y,WEEKLY-1Y-LGBM-01,weekly_wi1c_lgbm_final_selected,TB1YWI1C,0.3702437588188236,0.48,-0.1097562411811763,397,113,366,202602
202603,2026-01-23,202604,2026-01-30,1Y,6,next_week_average_yield_vs_current_week_average_yield,platform-current,1,0.56466920134306,1,true,W1Y,WEEKLY-1Y-LGBM-01,weekly_wi1c_lgbm_final_selected,TB1YWI1C,0.56466920134306,0.47,0.09466920134306,398,113,366,202603
202604,2026-01-30,202605,2026-02-06,1Y,6,next_week_average_yield_vs_current_week_average_yield,platform-current,1,0.6021254451639746,1,true,W1Y,WEEKLY-1Y-LGBM-01,weekly_wi1c_lgbm_final_selected,TB1YWI1C,0.6021254451639746,0.47,0.1321254451639746,399,113,366,202604
202605,2026-02-06,202606,2026-02-13,1Y,6,next_week_average_yield_vs_current_week_average_yield,platform-current,1,0.6122201553559558,1,true,W1Y,WEEKLY-1Y-LGBM-01,weekly_wi1c_lgbm_final_selected,TB1YWI1C,0.6122201553559558,0.47,0.1422201553559557,400,113,366,202605
202606,2026-02-13,202607,2026-02-27,1Y,6,next_week_average_yield_vs_current_week_average_yield,platform-current,-1,0.3784350376080114,-1,true,W1Y,WEEKLY-1Y-LGBM-01,weekly_wi1c_lgbm_final_selected,TB1YWI1C,0.3784350376080114,0.47,-0.0915649623919885,400,114,366,202606
202607,2026-02-27,202608,2026-03-06,1Y,6,next_week_average_yield_vs_current_week_average_yield,platform-current,-1,0.4685368578863234,-1,true,W1Y,WEEKLY-1Y-LGBM-01,weekly_wi1c_lgbm_final_selected,TB1YWI1C,0.4685368578863234,0.51,-0.0414631421136766,401,114,366,202607
202608,2026-03-06,202609,2026-03-13,1Y,6,next_week_average_yield_vs_current_week_average_yield,platform-current,-1,0.3330372142445131,-1,true,W1Y,WEEKLY-1Y-LGBM-01,weekly_wi1c_lgbm_final_selected,TB1YWI1C,0.3330372142445131,0.48,-0.1469627857554868,402,114,366,202608
202609,2026-03-13,202610,2026-03-20,1Y,6,next_week_average_yield_vs_current_week_average_yield,platform-current,-1,0.3317252374308213,-1,true,W1Y,WEEKLY-1Y-LGBM-01,weekly_wi1c_lgbm_final_selected,TB1YWI1C,0.3317252374308213,0.48,-0.1482747625691786,403,114,366,202609
202610,2026-03-20,202611,2026-03-27,1Y,6,next_week_average_yield_vs_current_week_average_yield,platform-current,-1,0.3303047503010042,-1,true,W1Y,WEEKLY-1Y-LGBM-01,weekly_wi1c_lgbm_final_selected,TB1YWI1C,0.3303047503010042,0.51,-0.1796952496989957,404,114,366,202610
202611,2026-03-27,202612,2026-04-03,1Y,6,next_week_average_yield_vs_current_week_average_yield,platform-current,-1,0.3773301318467172,-1,true,W1Y,WEEKLY-1Y-LGBM-01,weekly_wi1c_lgbm_final_selected,TB1YWI1C,0.3773301318467172,0.51,-0.1326698681532827,404,115,366,202611
202612,2026-04-03,202613,2026-04-10,1Y,6,next_week_average_yield_vs_current_week_average_yield,platform-current,-1,0.3370741285861767,-1,true,W1Y,WEEKLY-1Y-LGBM-01,weekly_wi1c_lgbm_final_selected,TB1YWI1C,0.3370741285861767,0.51,-0.1729258714138233,405,115,366,202612
202613,2026-04-10,202614,2026-04-17,1Y,6,next_week_average_yield_vs_current_week_average_yield,platform-current,-1,0.4153555218342358,-1,true,W1Y,WEEKLY-1Y-LGBM-01,weekly_wi1c_lgbm_final_selected,TB1YWI1C,0.4153555218342358,0.51,-0.0946444781657642,406,115,366,202613
202614,2026-04-17,202615,2026-04-24,1Y,6,next_week_average_yield_vs_current_week_average_yield,platform-current,-1,0.3728008129651775,-1,true,W1Y,WEEKLY-1Y-LGBM-01,weekly_wi1c_lgbm_final_selected,TB1YWI1C,0.3728008129651775,0.49,-0.1171991870348225,407,115,366,202614
202615,2026-04-24,202616,2026-04-30,1Y,6,next_week_average_yield_vs_current_week_average_yield,platform-current,-1,0.3263761068762264,1,false,W1Y,WEEKLY-1Y-LGBM-01,weekly_wi1c_lgbm_final_selected,TB1YWI1C,0.3263761068762264,0.49,-0.1636238931237735,407,116,366,202615
202616,2026-04-30,202617,2026-05-08,1Y,6,next_week_average_yield_vs_current_week_average_yield,platform-current,1,0.6101973371457031,1,true,W1Y,WEEKLY-1Y-LGBM-01,weekly_wi1c_lgbm_final_selected,TB1YWI1C,0.6101973371457031,0.51,0.1001973371457031,408,116,366,202616
202617,2026-05-08,202618,2026-05-15,1Y,6,next_week_average_yield_vs_current_week_average_yield,platform-current,1,0.6240341751691463,1,true,W1Y,WEEKLY-1Y-LGBM-01,weekly_wi1c_lgbm_final_selected,TB1YWI1C,0.6240341751691463,0.51,0.1140341751691462,409,116,366,202617
202618,2026-05-15,202619,2026-05-22,1Y,6,next_week_average_yield_vs_current_week_average_yield,platform-current,1,0.5989097934807959,-1,false,W1Y,WEEKLY-1Y-LGBM-01,weekly_wi1c_lgbm_final_selected,TB1YWI1C,0.5989097934807959,0.51,0.0889097934807958,410,116,366,202618
202619,2026-05-22,202620,2026-05-29,1Y,6,next_week_average_yield_vs_current_week_average_yield,platform-current,-1,0.3895288047140264,-1,true,W1Y,WEEKLY-1Y-LGBM-01,weekly_wi1c_lgbm_final_selected,TB1YWI1C,0.3895288047140264,0.51,-0.1204711952859736,411,116,366,202619
