feature_date,target_date,target_tenor,horizon,benchmark_role,direction,confidence,label,is_correct,frequency,final_select_id,candidate_id,target_col,prediction_mode,pred_label,candidate_pred,raw_direction,model_pred,vote_pred,raw_vote_pred,prob_up,threshold,active_score,decision,signal_sum,vote_sum,model_pred_combo,vote_pred_combo,signal_sum_combo,vote_sum_combo,pre_quota_candidate_pred,candidate_pred_before_direction_tuning,direction_tuning_rule,tie_lowconf_flip_width,tie_lowconf_flipped,fit_n,cal_n
2025-01-02,2025-01-03,10Y,1,source_original_daily_0629_algorithm,1,0.4002593561694804,-1,false,D10Y,10Y04,10y_all_daily_ic_top200_lgbm_7sig,TB0YWI0C,full_action,,,,-1,1,1,0.4002593561694804,0.405,,model,3,2,,,,,,,,0.008,false,192,48
2025-01-03,2025-01-06,10Y,1,source_original_daily_0629_algorithm,-1,0.4002593561694804,-1,true,D10Y,10Y04,10y_all_daily_ic_top200_lgbm_7sig,TB0YWI0C,full_action,,,,-1,-1,1,0.4002593561694804,0.405,,model,1,0,,,,,,,,0.008,true,192,48
2025-01-06,2025-01-07,10Y,1,source_original_daily_0629_algorithm,1,0.39828863499296996,1,true,D10Y,10Y04,10y_all_daily_ic_top200_lgbm_7sig,TB0YWI0C,full_action,,,,-1,1,1,0.39828863499296996,0.41500000000000004,,model,3,2,,,,,,,,0.008,false,192,48
2025-01-07,2025-01-08,10Y,1,source_original_daily_0629_algorithm,1,0.39738672953187687,-1,false,D10Y,10Y04,10y_all_daily_ic_top200_lgbm_7sig,TB0YWI0C,full_action,,,,-1,1,1,0.39738672953187687,0.41000000000000003,,model,3,2,,,,,,,,0.008,false,192,48
2025-01-08,2025-01-09,10Y,1,source_original_daily_0629_algorithm,1,0.39996970875110727,1,true,D10Y,10Y04,10y_all_daily_ic_top200_lgbm_7sig,TB0YWI0C,full_action,,,,-1,1,1,0.39996970875110727,0.41500000000000004,,model,5,4,,,,,,,,0.008,false,192,48
2025-01-09,2025-01-10,10Y,1,source_original_daily_0629_algorithm,1,0.4082173511388869,-1,false,D10Y,10Y04,10y_all_daily_ic_top200_lgbm_7sig,TB0YWI0C,full_action,,,,-1,1,1,0.4082173511388869,0.41000000000000003,,model,7,6,,,,,,,,0.008,false,192,48
2025-01-10,2025-01-13,10Y,1,source_original_daily_0629_algorithm,1,0.4078632803925501,1,true,D10Y,10Y04,10y_all_daily_ic_top200_lgbm_7sig,TB0YWI0C,full_action,,,,-1,1,1,0.4078632803925501,0.41000000000000003,,model,7,6,,,,,,,,0.008,false,192,48
2025-01-13,2025-01-14,10Y,1,source_original_daily_0629_algorithm,1,0.40277012331789885,-1,false,D10Y,10Y04,10y_all_daily_ic_top200_lgbm_7sig,TB0YWI0C,full_action,,,,-1,1,1,0.40277012331789885,0.405,,model,5,4,,,,,,,,0.008,false,192,48
2025-01-14,2025-01-15,10Y,1,source_original_daily_0629_algorithm,1,0.4002593561694804,1,true,D10Y,10Y04,10y_all_daily_ic_top200_lgbm_7sig,TB0YWI0C,full_action,,,,-1,1,1,0.4002593561694804,0.405,,model,5,4,,,,,,,,0.008,false,192,48
2025-01-15,2025-01-16,10Y,1,source_original_daily_0629_algorithm,1,0.3905805226299219,1,true,D10Y,10Y04,10y_all_daily_ic_top200_lgbm_7sig,TB0YWI0C,full_action,,,,-1,1,1,0.3905805226299219,0.405,,model,5,4,,,,,,,,0.008,false,192,48
2025-01-16,2025-01-17,10Y,1,source_original_daily_0629_algorithm,1,0.3956389247790357,1,true,D10Y,10Y04,10y_all_daily_ic_top200_lgbm_7sig,TB0YWI0C,full_action,,,,-1,1,1,0.3956389247790357,0.4,,model,5,4,,,,,,,,0.008,false,192,48
2025-01-17,2025-01-20,10Y,1,source_original_daily_0629_algorithm,1,0.3874119999137749,1,true,D10Y,10Y04,10y_all_daily_ic_top200_lgbm_7sig,TB0YWI0C,full_action,,,,-1,1,1,0.3874119999137749,0.4,,model,7,6,,,,,,,,0.008,false,192,48
2025-01-20,2025-01-21,10Y,1,source_original_daily_0629_algorithm,1,0.39279322603336597,-1,false,D10Y,10Y04,10y_all_daily_ic_top200_lgbm_7sig,TB0YWI0C,full_action,,,,-1,1,1,0.39279322603336597,0.405,,model,7,6,,,,,,,,0.008,false,192,48
2025-01-21,2025-01-22,10Y,1,source_original_daily_0629_algorithm,1,0.3950755537033378,1,true,D10Y,10Y04,10y_all_daily_ic_top200_lgbm_7sig,TB0YWI0C,full_action,,,,-1,1,1,0.3950755537033378,0.405,,model,5,4,,,,,,,,0.008,false,192,48
2025-01-22,2025-01-23,10Y,1,source_original_daily_0629_algorithm,1,0.37891875357778404,1,true,D10Y,10Y04,10y_all_daily_ic_top200_lgbm_7sig,TB0YWI0C,full_action,,,,-1,1,1,0.37891875357778404,0.425,,model,7,6,,,,,,,,0.008,false,192,48
2025-01-23,2025-01-24,10Y,1,source_original_daily_0629_algorithm,1,0.38576871347032043,-1,false,D10Y,10Y04,10y_all_daily_ic_top200_lgbm_7sig,TB0YWI0C,full_action,,,,-1,1,1,0.38576871347032043,0.4,,model,3,2,,,,,,,,0.008,false,192,48
2025-01-24,2025-01-27,10Y,1,source_original_daily_0629_algorithm,1,0.3806949761332495,-1,false,D10Y,10Y04,10y_all_daily_ic_top200_lgbm_7sig,TB0YWI0C,full_action,,,,-1,1,1,0.3806949761332495,0.395,,model,7,6,,,,,,,,0.008,false,192,48
2025-01-27,2025-02-05,10Y,1,source_original_daily_0629_algorithm,1,0.3905612472009374,-1,false,D10Y,10Y04,10y_all_daily_ic_top200_lgbm_7sig,TB0YWI0C,full_action,,,,-1,1,1,0.3905612472009374,0.395,,model,7,6,,,,,,,,0.008,false,192,48
2025-02-05,2025-02-06,10Y,1,source_original_daily_0629_algorithm,1,0.3956592620591452,-1,false,D10Y,10Y04,10y_all_daily_ic_top200_lgbm_7sig,TB0YWI0C,full_action,,,,-1,1,1,0.3956592620591452,0.4,,model,5,4,,,,,,,,0.008,false,192,48
2025-02-06,2025-02-07,10Y,1,source_original_daily_0629_algorithm,1,0.39062500000000006,1,true,D10Y,10Y04,10y_all_daily_ic_top200_lgbm_7sig,TB0YWI0C,full_action,,,,-1,1,1,0.39062500000000006,0.4,,model,3,2,,,,,,,,0.008,false,192,48
2025-02-07,2025-02-10,10Y,1,source_original_daily_0629_algorithm,1,0.38468712514980546,1,true,D10Y,10Y04,10y_all_daily_ic_top200_lgbm_7sig,TB0YWI0C,full_action,,,,-1,1,1,0.38468712514980546,0.4,,model,5,4,,,,,,,,0.008,false,192,48
2025-02-10,2025-02-11,10Y,1,source_original_daily_0629_algorithm,1,0.38468712514980546,-1,false,D10Y,10Y04,10y_all_daily_ic_top200_lgbm_7sig,TB0YWI0C,full_action,,,,-1,1,1,0.38468712514980546,0.4,,model,5,4,,,,,,,,0.008,false,192,48
2025-02-11,2025-02-12,10Y,1,source_original_daily_0629_algorithm,1,0.3956592620591452,1,true,D10Y,10Y04,10y_all_daily_ic_top200_lgbm_7sig,TB0YWI0C,full_action,,,,-1,1,1,0.3956592620591452,0.4,,model,7,6,,,,,,,,0.008,false,192,48
2025-02-12,2025-02-13,10Y,1,source_original_daily_0629_algorithm,1,0.39062500000000006,1,true,D10Y,10Y04,10y_all_daily_ic_top200_lgbm_7sig,TB0YWI0C,full_action,,,,-1,1,1,0.39062500000000006,0.4,,model,5,4,,,,,,,,0.008,false,192,48
2025-02-13,2025-02-14,10Y,1,source_original_daily_0629_algorithm,1,0.3854166666666667,1,true,D10Y,10Y04,10y_all_daily_ic_top200_lgbm_7sig,TB0YWI0C,full_action,,,,-1,1,1,0.3854166666666667,0.395,,model,1,0,,,,,,,,0.008,false,192,48
2025-02-14,2025-02-17,10Y,1,source_original_daily_0629_algorithm,1,0.3854166666666667,1,true,D10Y,10Y04,10y_all_daily_ic_top200_lgbm_7sig,TB0YWI0C,full_action,,,,-1,1,1,0.3854166666666667,0.395,,model,7,6,,,,,,,,0.008,false,192,48
2025-02-17,2025-02-18,10Y,1,source_original_daily_0629_algorithm,1,0.39050431828076726,-1,false,D10Y,10Y04,10y_all_daily_ic_top200_lgbm_7sig,TB0YWI0C,full_action,,,,-1,1,1,0.39050431828076726,0.395,,model,7,6,,,,,,,,0.008,false,192,48
2025-02-18,2025-02-19,10Y,1,source_original_daily_0629_algorithm,1,0.38210968414132196,-1,false,D10Y,10Y04,10y_all_daily_ic_top200_lgbm_7sig,TB0YWI0C,full_action,,,,-1,1,1,0.38210968414132196,0.385,,model,5,4,,,,,,,,0.008,false,192,48
2025-02-19,2025-02-20,10Y,1,source_original_daily_0629_algorithm,1,0.3829902500425615,1,true,D10Y,10Y04,10y_all_daily_ic_top200_lgbm_7sig,TB0YWI0C,full_action,,,,-1,1,1,0.3829902500425615,0.385,,model,7,6,,,,,,,,0.008,false,192,48
2025-02-20,2025-02-21,10Y,1,source_original_daily_0629_algorithm,1,0.39022514717895035,1,true,D10Y,10Y04,10y_all_daily_ic_top200_lgbm_7sig,TB0YWI0C,full_action,,,,-1,1,1,0.39022514717895035,0.395,,model,7,6,,,,,,,,0.008,false,192,48
2025-02-21,2025-02-24,10Y,1,source_original_daily_0629_algorithm,1,0.38999900324285175,1,true,D10Y,10Y04,10y_all_daily_ic_top200_lgbm_7sig,TB0YWI0C,full_action,,,,-1,1,1,0.38999900324285175,0.39,,model,3,2,,,,,,,,0.008,false,192,48
2025-02-24,2025-02-25,10Y,1,source_original_daily_0629_algorithm,1,0.3901880561873916,-1,false,D10Y,10Y04,10y_all_daily_ic_top200_lgbm_7sig,TB0YWI0C,full_action,,,,-1,1,1,0.3901880561873916,0.395,,model,5,4,,,,,,,,0.008,false,192,48
2025-02-25,2025-02-26,10Y,1,source_original_daily_0629_algorithm,1,0.39022514717895035,0,false,D10Y,10Y04,10y_all_daily_ic_top200_lgbm_7sig,TB0YWI0C,full_action,,,,-1,1,1,0.39022514717895035,0.395,,model,7,6,,,,,,,,0.008,false,192,48
2025-02-26,2025-02-27,10Y,1,source_original_daily_0629_algorithm,1,0.3854166666666667,1,true,D10Y,10Y04,10y_all_daily_ic_top200_lgbm_7sig,TB0YWI0C,full_action,,,,-1,1,1,0.3854166666666667,0.39,,model,7,6,,,,,,,,0.008,false,192,48
2025-02-27,2025-02-28,10Y,1,source_original_daily_0629_algorithm,1,0.3912184761997319,-1,false,D10Y,10Y04,10y_all_daily_ic_top200_lgbm_7sig,TB0YWI0C,full_action,,,,1,1,1,0.3912184761997319,0.39,,model,3,4,,,,,,,,0.008,false,192,48
2025-02-28,2025-03-03,10Y,1,source_original_daily_0629_algorithm,1,0.3864012484921359,-1,false,D10Y,10Y04,10y_all_daily_ic_top200_lgbm_7sig,TB0YWI0C,full_action,,,,1,1,1,0.3864012484921359,0.385,,model,3,4,,,,,,,,0.008,false,192,48
2025-03-03,2025-03-04,10Y,1,source_original_daily_0629_algorithm,1,0.38612889583734217,1,true,D10Y,10Y04,10y_all_daily_ic_top200_lgbm_7sig,TB0YWI0C,full_action,,,,-1,1,1,0.38612889583734217,0.39,,model,3,2,,,,,,,,0.008,false,192,48
2025-03-04,2025-03-05,10Y,1,source_original_daily_0629_algorithm,1,0.37238381971190365,-1,false,D10Y,10Y04,10y_all_daily_ic_top200_lgbm_7sig,TB0YWI0C,full_action,,,,-1,1,1,0.37238381971190365,0.385,,model,1,0,,,,,,,,0.008,false,192,48
2025-03-05,2025-03-06,10Y,1,source_original_daily_0629_algorithm,1,0.38172227668339903,1,true,D10Y,10Y04,10y_all_daily_ic_top200_lgbm_7sig,TB0YWI0C,full_action,,,,1,1,1,0.38172227668339903,0.38,,model,3,4,,,,,,,,0.008,false,192,48
2025-03-06,2025-03-07,10Y,1,source_original_daily_0629_algorithm,1,0.3870781061365149,1,true,D10Y,10Y04,10y_all_daily_ic_top200_lgbm_7sig,TB0YWI0C,full_action,,,,1,1,1,0.3870781061365149,0.38,,model,3,4,,,,,,,,0.008,false,192,48
2025-03-07,2025-03-10,10Y,1,source_original_daily_0629_algorithm,1,0.3833643366028675,1,true,D10Y,10Y04,10y_all_daily_ic_top200_lgbm_7sig,TB0YWI0C,full_action,,,,-1,1,1,0.3833643366028675,0.425,,model,5,4,,,,,,,,0.008,false,192,48
2025-03-10,2025-03-11,10Y,1,source_original_daily_0629_algorithm,1,0.4226544380285217,1,true,D10Y,10Y04,10y_all_daily_ic_top200_lgbm_7sig,TB0YWI0C,full_action,,,,-1,1,1,0.4226544380285217,0.46,,model,5,4,,,,,,,,0.008,false,192,48
2025-03-11,2025-03-12,10Y,1,source_original_daily_0629_algorithm,1,0.34796430345875173,-1,false,D10Y,10Y04,10y_all_daily_ic_top200_lgbm_7sig,TB0YWI0C,full_action,,,,-1,1,1,0.34796430345875173,0.4,,model,7,6,,,,,,,,0.008,false,192,48
2025-03-12,2025-03-13,10Y,1,source_original_daily_0629_algorithm,1,0.3735905543859614,1,true,D10Y,10Y04,10y_all_daily_ic_top200_lgbm_7sig,TB0YWI0C,full_action,,,,-1,1,1,0.3735905543859614,0.38,,model,5,4,,,,,,,,0.008,false,192,48
2025-03-13,2025-03-14,10Y,1,source_original_daily_0629_algorithm,1,0.351569970822598,1,true,D10Y,10Y04,10y_all_daily_ic_top200_lgbm_7sig,TB0YWI0C,full_action,,,,-1,1,1,0.351569970822598,0.4,,model,7,6,,,,,,,,0.008,false,192,48
2025-03-14,2025-03-17,10Y,1,source_original_daily_0629_algorithm,1,0.3552285056420513,1,true,D10Y,10Y04,10y_all_daily_ic_top200_lgbm_7sig,TB0YWI0C,full_action,,,,-1,1,1,0.3552285056420513,0.395,,model,3,2,,,,,,,,0.008,false,192,48
2025-03-17,2025-03-18,10Y,1,source_original_daily_0629_algorithm,1,0.4094594022311555,-1,false,D10Y,10Y04,10y_all_daily_ic_top200_lgbm_7sig,TB0YWI0C,full_action,,,,1,1,1,0.4094594022311555,0.38,,model,1,2,,,,,,,,0.008,false,192,48
2025-03-18,2025-03-19,10Y,1,source_original_daily_0629_algorithm,1,0.44643649536810487,-1,false,D10Y,10Y04,10y_all_daily_ic_top200_lgbm_7sig,TB0YWI0C,full_action,,,,1,1,1,0.44643649536810487,0.385,,model,3,4,,,,,,,,0.008,false,192,48
2025-03-19,2025-03-20,10Y,1,source_original_daily_0629_algorithm,1,0.354402537703054,-1,false,D10Y,10Y04,10y_all_daily_ic_top200_lgbm_7sig,TB0YWI0C,full_action,,,,-1,1,1,0.354402537703054,0.47,,model,5,4,,,,,,,,0.008,false,192,48
2025-03-20,2025-03-21,10Y,1,source_original_daily_0629_algorithm,1,0.6190642740849106,1,true,D10Y,10Y04,10y_all_daily_ic_top200_lgbm_7sig,TB0YWI0C,full_action,,,,1,1,1,0.6190642740849106,0.46,,model,3,4,,,,,,,,0.008,false,192,48
2025-03-21,2025-03-24,10Y,1,source_original_daily_0629_algorithm,1,0.5416997333728892,-1,false,D10Y,10Y04,10y_all_daily_ic_top200_lgbm_7sig,TB0YWI0C,full_action,,,,1,1,1,0.5416997333728892,0.535,,model,1,2,,,,,,,,0.008,false,192,48
2025-03-24,2025-03-25,10Y,1,source_original_daily_0629_algorithm,1,0.6282720399347476,1,true,D10Y,10Y04,10y_all_daily_ic_top200_lgbm_7sig,TB0YWI0C,full_action,,,,1,1,1,0.6282720399347476,0.385,,model,1,2,,,,,,,,0.008,false,192,48
2025-03-25,2025-03-26,10Y,1,source_original_daily_0629_algorithm,1,0.5628798027397685,-1,false,D10Y,10Y04,10y_all_daily_ic_top200_lgbm_7sig,TB0YWI0C,full_action,,,,1,1,1,0.5628798027397685,0.38,,model,3,4,,,,,,,,0.008,false,192,48
2025-03-26,2025-03-27,10Y,1,source_original_daily_0629_algorithm,1,0.549233768828938,1,true,D10Y,10Y04,10y_all_daily_ic_top200_lgbm_7sig,TB0YWI0C,full_action,,,,1,1,1,0.549233768828938,0.44,,model,1,2,,,,,,,,0.008,false,192,48
2025-03-27,2025-03-28,10Y,1,source_original_daily_0629_algorithm,1,0.4024105138173884,1,true,D10Y,10Y04,10y_all_daily_ic_top200_lgbm_7sig,TB0YWI0C,full_action,,,,-1,1,1,0.4024105138173884,0.405,,model,3,2,,,,,,,,0.008,false,192,48
2025-03-28,2025-03-31,10Y,1,source_original_daily_0629_algorithm,-1,0.38507741894033565,1,false,D10Y,10Y04,10y_all_daily_ic_top200_lgbm_7sig,TB0YWI0C,full_action,,,,-1,-1,-1,0.38507741894033565,0.44,,model,-1,-2,,,,,,,,0.008,false,192,48
2025-03-31,2025-04-01,10Y,1,source_original_daily_0629_algorithm,1,0.4136794194478856,1,true,D10Y,10Y04,10y_all_daily_ic_top200_lgbm_7sig,TB0YWI0C,full_action,,,,-1,1,1,0.4136794194478856,0.41500000000000004,,model,3,2,,,,,,,,0.008,false,192,48
2025-04-01,2025-04-02,10Y,1,source_original_daily_0629_algorithm,1,0.48070839286407135,-1,false,D10Y,10Y04,10y_all_daily_ic_top200_lgbm_7sig,TB0YWI0C,full_action,,,,1,1,1,0.48070839286407135,0.38,,model,3,4,,,,,,,,0.008,false,192,48
2025-04-02,2025-04-03,10Y,1,source_original_daily_0629_algorithm,1,0.49472046485946103,-1,false,D10Y,10Y04,10y_all_daily_ic_top200_lgbm_7sig,TB0YWI0C,full_action,,,,1,1,1,0.49472046485946103,0.38,,model,5,6,,,,,,,,0.008,false,192,48
2025-04-03,2025-04-07,10Y,1,source_original_daily_0629_algorithm,1,0.5427251823552061,-1,false,D10Y,10Y04,10y_all_daily_ic_top200_lgbm_7sig,TB0YWI0C,full_action,,,,1,1,1,0.5427251823552061,0.38,,model,5,6,,,,,,,,0.008,false,192,48
2025-04-07,2025-04-08,10Y,1,source_original_daily_0629_algorithm,1,0.5010874453062989,1,true,D10Y,10Y04,10y_all_daily_ic_top200_lgbm_7sig,TB0YWI0C,full_action,,,,1,1,1,0.5010874453062989,0.385,,model,5,6,,,,,,,,0.008,false,192,48
2025-04-08,2025-04-09,10Y,1,source_original_daily_0629_algorithm,1,0.4425759214093699,-1,false,D10Y,10Y04,10y_all_daily_ic_top200_lgbm_7sig,TB0YWI0C,full_action,,,,1,1,1,0.4425759214093699,0.395,,model,3,4,,,,,,,,0.008,false,192,48
2025-04-09,2025-04-10,10Y,1,source_original_daily_0629_algorithm,1,0.4818965378858541,1,true,D10Y,10Y04,10y_all_daily_ic_top200_lgbm_7sig,TB0YWI0C,full_action,,,,1,1,1,0.4818965378858541,0.38,,model,3,4,,,,,,,,0.008,false,192,48
2025-04-10,2025-04-11,10Y,1,source_original_daily_0629_algorithm,1,0.6058263421726081,1,true,D10Y,10Y04,10y_all_daily_ic_top200_lgbm_7sig,TB0YWI0C,full_action,,,,1,1,1,0.6058263421726081,0.38,,model,7,8,,,,,,,,0.008,false,192,48
2025-04-11,2025-04-14,10Y,1,source_original_daily_0629_algorithm,1,0.47784768403074895,1,true,D10Y,10Y04,10y_all_daily_ic_top200_lgbm_7sig,TB0YWI0C,full_action,,,,1,1,1,0.47784768403074895,0.38,,model,5,6,,,,,,,,0.008,false,192,48
2025-04-14,2025-04-15,10Y,1,source_original_daily_0629_algorithm,1,0.47440458911142347,-1,false,D10Y,10Y04,10y_all_daily_ic_top200_lgbm_7sig,TB0YWI0C,full_action,,,,1,1,1,0.47440458911142347,0.38,,model,3,4,,,,,,,,0.008,false,192,48
2025-04-15,2025-04-16,10Y,1,source_original_daily_0629_algorithm,1,0.38933910202776356,-1,false,D10Y,10Y04,10y_all_daily_ic_top200_lgbm_7sig,TB0YWI0C,full_action,,,,1,1,1,0.38933910202776356,0.38,,model,5,6,,,,,,,,0.008,false,192,48
2025-04-16,2025-04-17,10Y,1,source_original_daily_0629_algorithm,1,0.46385157783847164,1,true,D10Y,10Y04,10y_all_daily_ic_top200_lgbm_7sig,TB0YWI0C,full_action,,,,1,1,1,0.46385157783847164,0.38,,model,5,6,,,,,,,,0.008,false,192,48
2025-04-17,2025-04-18,10Y,1,source_original_daily_0629_algorithm,1,0.4408314040367326,-1,false,D10Y,10Y04,10y_all_daily_ic_top200_lgbm_7sig,TB0YWI0C,full_action,,,,1,1,1,0.4408314040367326,0.385,,model,3,4,,,,,,,,0.008,false,192,48
2025-04-18,2025-04-21,10Y,1,source_original_daily_0629_algorithm,1,0.44037724681342877,1,true,D10Y,10Y04,10y_all_daily_ic_top200_lgbm_7sig,TB0YWI0C,full_action,,,,1,1,1,0.44037724681342877,0.41500000000000004,,model,3,4,,,,,,,,0.008,false,192,48
2025-04-21,2025-04-22,10Y,1,source_original_daily_0629_algorithm,1,0.40109449975979883,-1,false,D10Y,10Y04,10y_all_daily_ic_top200_lgbm_7sig,TB0YWI0C,full_action,,,,1,1,1,0.40109449975979883,0.38,,model,5,6,,,,,,,,0.008,false,192,48
2025-04-22,2025-04-23,10Y,1,source_original_daily_0629_algorithm,1,0.4763427889245339,1,true,D10Y,10Y04,10y_all_daily_ic_top200_lgbm_7sig,TB0YWI0C,full_action,,,,1,1,1,0.4763427889245339,0.38,,model,3,4,,,,,,,,0.008,false,192,48
2025-04-23,2025-04-24,10Y,1,source_original_daily_0629_algorithm,1,0.49514160836153914,0,false,D10Y,10Y04,10y_all_daily_ic_top200_lgbm_7sig,TB0YWI0C,full_action,,,,1,1,1,0.49514160836153914,0.38,,model,3,4,,,,,,,,0.008,false,192,48
2025-04-24,2025-04-25,10Y,1,source_original_daily_0629_algorithm,1,0.5705915969651447,0,false,D10Y,10Y04,10y_all_daily_ic_top200_lgbm_7sig,TB0YWI0C,full_action,,,,1,1,1,0.5705915969651447,0.41500000000000004,,model,3,4,,,,,,,,0.008,false,192,48
2025-04-25,2025-04-28,10Y,1,source_original_daily_0629_algorithm,1,0.5764412283188808,-1,false,D10Y,10Y04,10y_all_daily_ic_top200_lgbm_7sig,TB0YWI0C,full_action,,,,1,1,1,0.5764412283188808,0.41500000000000004,,model,7,8,,,,,,,,0.008,false,192,48
2025-04-28,2025-04-29,10Y,1,source_original_daily_0629_algorithm,1,0.5386369926863097,-1,false,D10Y,10Y04,10y_all_daily_ic_top200_lgbm_7sig,TB0YWI0C,full_action,,,,1,1,1,0.5386369926863097,0.41500000000000004,,model,5,6,,,,,,,,0.008,false,192,48
2025-04-29,2025-04-30,10Y,1,source_original_daily_0629_algorithm,1,0.5099746231762717,-1,false,D10Y,10Y04,10y_all_daily_ic_top200_lgbm_7sig,TB0YWI0C,full_action,,,,1,1,1,0.5099746231762717,0.41500000000000004,,model,5,6,,,,,,,,0.008,false,192,48
2025-04-30,2025-05-06,10Y,1,source_original_daily_0629_algorithm,1,0.5204233238561656,0,false,D10Y,10Y04,10y_all_daily_ic_top200_lgbm_7sig,TB0YWI0C,full_action,,,,1,1,1,0.5204233238561656,0.385,,model,5,6,,,,,,,,0.008,false,192,48
2025-05-06,2025-05-07,10Y,1,source_original_daily_0629_algorithm,1,0.4064356404307114,1,true,D10Y,10Y04,10y_all_daily_ic_top200_lgbm_7sig,TB0YWI0C,full_action,,,,1,1,1,0.4064356404307114,0.38,,model,5,6,,,,,,,,0.008,false,192,48
2025-05-07,2025-05-08,10Y,1,source_original_daily_0629_algorithm,1,0.4064356404307114,-1,false,D10Y,10Y04,10y_all_daily_ic_top200_lgbm_7sig,TB0YWI0C,full_action,,,,1,1,1,0.4064356404307114,0.38,,model,3,4,,,,,,,,0.008,false,192,48
2025-05-08,2025-05-09,10Y,1,source_original_daily_0629_algorithm,1,0.49668261481516907,-1,false,D10Y,10Y04,10y_all_daily_ic_top200_lgbm_7sig,TB0YWI0C,full_action,,,,1,1,1,0.49668261481516907,0.385,,model,5,6,,,,,,,,0.008,false,192,48
2025-05-09,2025-05-12,10Y,1,source_original_daily_0629_algorithm,1,0.3745492456366528,1,true,D10Y,10Y04,10y_all_daily_ic_top200_lgbm_7sig,TB0YWI0C,full_action,,,,-1,1,1,0.3745492456366528,0.38,,model,5,4,,,,,,,,0.008,false,192,48
2025-05-12,2025-05-13,10Y,1,source_original_daily_0629_algorithm,1,0.4253527566165029,-1,false,D10Y,10Y04,10y_all_daily_ic_top200_lgbm_7sig,TB0YWI0C,full_action,,,,-1,1,1,0.4253527566165029,0.435,,model,3,2,,,,,,,,0.008,false,192,48
2025-05-13,2025-05-14,10Y,1,source_original_daily_0629_algorithm,1,0.4343767056659653,1,true,D10Y,10Y04,10y_all_daily_ic_top200_lgbm_7sig,TB0YWI0C,full_action,,,,1,1,1,0.4343767056659653,0.38,,model,3,4,,,,,,,,0.008,false,192,48
2025-05-14,2025-05-15,10Y,1,source_original_daily_0629_algorithm,1,0.43313802894986314,1,true,D10Y,10Y04,10y_all_daily_ic_top200_lgbm_7sig,TB0YWI0C,full_action,,,,1,1,1,0.43313802894986314,0.405,,model,1,2,,,,,,,,0.008,false,192,48
2025-05-15,2025-05-16,10Y,1,source_original_daily_0629_algorithm,1,0.46097397727788975,1,true,D10Y,10Y04,10y_all_daily_ic_top200_lgbm_7sig,TB0YWI0C,full_action,,,,1,1,1,0.46097397727788975,0.38,,model,-1,0,,,,,,,,0.008,false,192,48
2025-05-16,2025-05-19,10Y,1,source_original_daily_0629_algorithm,1,0.4397857223059369,-1,false,D10Y,10Y04,10y_all_daily_ic_top200_lgbm_7sig,TB0YWI0C,full_action,,,,1,1,1,0.4397857223059369,0.38,,model,5,6,,,,,,,,0.008,false,192,48
2025-05-19,2025-05-20,10Y,1,source_original_daily_0629_algorithm,1,0.5146285753757879,1,true,D10Y,10Y04,10y_all_daily_ic_top200_lgbm_7sig,TB0YWI0C,full_action,,,,1,1,1,0.5146285753757879,0.405,,model,5,6,,,,,,,,0.008,false,192,48
2025-05-20,2025-05-21,10Y,1,source_original_daily_0629_algorithm,1,0.44207822505966676,1,true,D10Y,10Y04,10y_all_daily_ic_top200_lgbm_7sig,TB0YWI0C,full_action,,,,1,1,1,0.44207822505966676,0.38,,model,5,6,,,,,,,,0.008,false,192,48
2025-05-21,2025-05-22,10Y,1,source_original_daily_0629_algorithm,1,0.5108359527116141,1,true,D10Y,10Y04,10y_all_daily_ic_top200_lgbm_7sig,TB0YWI0C,full_action,,,,1,1,1,0.5108359527116141,0.42,,model,1,2,,,,,,,,0.008,false,192,48
2025-05-22,2025-05-23,10Y,1,source_original_daily_0629_algorithm,1,0.5137306395151096,1,true,D10Y,10Y04,10y_all_daily_ic_top200_lgbm_7sig,TB0YWI0C,full_action,,,,1,1,1,0.5137306395151096,0.38,,model,3,4,,,,,,,,0.008,false,192,48
2025-05-23,2025-05-26,10Y,1,source_original_daily_0629_algorithm,1,0.5130551776587062,1,true,D10Y,10Y04,10y_all_daily_ic_top200_lgbm_7sig,TB0YWI0C,full_action,,,,1,1,1,0.5130551776587062,0.38,,model,3,4,,,,,,,,0.008,false,192,48
2025-05-26,2025-05-27,10Y,1,source_original_daily_0629_algorithm,1,0.5304080562253014,1,true,D10Y,10Y04,10y_all_daily_ic_top200_lgbm_7sig,TB0YWI0C,full_action,,,,1,1,1,0.5304080562253014,0.525,,model,5,6,,,,,,,,0.008,false,192,48
2025-05-27,2025-05-28,10Y,1,source_original_daily_0629_algorithm,1,0.6853608035258428,1,true,D10Y,10Y04,10y_all_daily_ic_top200_lgbm_7sig,TB0YWI0C,full_action,,,,1,1,1,0.6853608035258428,0.54,,model,3,4,,,,,,,,0.008,false,192,48
2025-05-28,2025-05-29,10Y,1,source_original_daily_0629_algorithm,1,0.6110079616985983,-1,false,D10Y,10Y04,10y_all_daily_ic_top200_lgbm_7sig,TB0YWI0C,full_action,,,,1,1,1,0.6110079616985983,0.515,,model,3,4,,,,,,,,0.008,false,192,48
2025-05-29,2025-05-30,10Y,1,source_original_daily_0629_algorithm,1,0.5959660774128864,-1,false,D10Y,10Y04,10y_all_daily_ic_top200_lgbm_7sig,TB0YWI0C,full_action,,,,1,1,1,0.5959660774128864,0.505,,model,5,6,,,,,,,,0.008,false,192,48
2025-05-30,2025-06-03,10Y,1,source_original_daily_0629_algorithm,1,0.5085924890665364,1,true,D10Y,10Y04,10y_all_daily_ic_top200_lgbm_7sig,TB0YWI0C,full_action,,,,1,1,1,0.5085924890665364,0.5,,model,7,8,,,,,,,,0.008,false,192,48
2025-06-03,2025-06-04,10Y,1,source_original_daily_0629_algorithm,1,0.46164878701927403,-1,false,D10Y,10Y04,10y_all_daily_ic_top200_lgbm_7sig,TB0YWI0C,full_action,,,,-1,1,1,0.46164878701927403,0.535,,model,5,4,,,,,,,,0.008,false,192,48
2025-06-04,2025-06-05,10Y,1,source_original_daily_0629_algorithm,1,0.4816272087198576,-1,false,D10Y,10Y04,10y_all_daily_ic_top200_lgbm_7sig,TB0YWI0C,full_action,,,,1,1,1,0.4816272087198576,0.38,,model,3,4,,,,,,,,0.008,false,192,48
2025-06-05,2025-06-06,10Y,1,source_original_daily_0629_algorithm,1,0.6319034424188895,-1,false,D10Y,10Y04,10y_all_daily_ic_top200_lgbm_7sig,TB0YWI0C,full_action,,,,1,1,1,0.6319034424188895,0.56,,model,7,8,,,,,,,,0.008,false,192,48
2025-06-06,2025-06-09,10Y,1,source_original_daily_0629_algorithm,1,0.5246390445692304,1,true,D10Y,10Y04,10y_all_daily_ic_top200_lgbm_7sig,TB0YWI0C,full_action,,,,-1,1,1,0.5246390445692304,0.525,,model,3,2,,,,,,,,0.008,false,192,48
2025-06-09,2025-06-10,10Y,1,source_original_daily_0629_algorithm,1,0.6437978737508236,1,true,D10Y,10Y04,10y_all_daily_ic_top200_lgbm_7sig,TB0YWI0C,full_action,,,,1,1,1,0.6437978737508236,0.585,,model,-1,0,,,,,,,,0.008,false,192,48
2025-06-10,2025-06-11,10Y,1,source_original_daily_0629_algorithm,1,0.6122106396253978,-1,false,D10Y,10Y04,10y_all_daily_ic_top200_lgbm_7sig,TB0YWI0C,full_action,,,,1,1,1,0.6122106396253978,0.54,,model,1,2,,,,,,,,0.008,false,192,48
2025-06-11,2025-06-12,10Y,1,source_original_daily_0629_algorithm,1,0.7071375289150855,1,true,D10Y,10Y04,10y_all_daily_ic_top200_lgbm_7sig,TB0YWI0C,full_action,,,,1,1,1,0.7071375289150855,0.615,,model,3,4,,,,,,,,0.008,false,192,48
2025-06-12,2025-06-13,10Y,1,source_original_daily_0629_algorithm,1,0.5428393741275072,-1,false,D10Y,10Y04,10y_all_daily_ic_top200_lgbm_7sig,TB0YWI0C,full_action,,,,1,1,1,0.5428393741275072,0.515,,model,3,4,,,,,,,,0.008,false,192,48
2025-06-13,2025-06-16,10Y,1,source_original_daily_0629_algorithm,1,0.49622078322733393,-1,false,D10Y,10Y04,10y_all_daily_ic_top200_lgbm_7sig,TB0YWI0C,full_action,,,,1,1,1,0.49622078322733393,0.48,,model,1,2,,,,,,,,0.008,false,192,48
2025-06-16,2025-06-17,10Y,1,source_original_daily_0629_algorithm,1,0.5093258051520915,-1,false,D10Y,10Y04,10y_all_daily_ic_top200_lgbm_7sig,TB0YWI0C,full_action,,,,1,1,1,0.5093258051520915,0.505,,model,3,4,,,,,,,,0.008,false,192,48
2025-06-17,2025-06-18,10Y,1,source_original_daily_0629_algorithm,-1,0.5078193024427907,1,false,D10Y,10Y04,10y_all_daily_ic_top200_lgbm_7sig,TB0YWI0C,full_action,,,,-1,-1,1,0.5078193024427907,0.51,,model,1,0,,,,,,,,0.008,true,192,48
2025-06-18,2025-06-19,10Y,1,source_original_daily_0629_algorithm,1,0.49890777335319075,1,true,D10Y,10Y04,10y_all_daily_ic_top200_lgbm_7sig,TB0YWI0C,full_action,,,,1,1,1,0.49890777335319075,0.485,,model,1,2,,,,,,,,0.008,false,192,48
2025-06-19,2025-06-20,10Y,1,source_original_daily_0629_algorithm,1,0.4949921601024218,-1,false,D10Y,10Y04,10y_all_daily_ic_top200_lgbm_7sig,TB0YWI0C,full_action,,,,1,1,1,0.4949921601024218,0.475,,model,1,2,,,,,,,,0.008,false,192,48
2025-06-20,2025-06-23,10Y,1,source_original_daily_0629_algorithm,1,0.5851886916186411,1,true,D10Y,10Y04,10y_all_daily_ic_top200_lgbm_7sig,TB0YWI0C,full_action,,,,1,1,1,0.5851886916186411,0.535,,model,1,2,,,,,,,,0.008,false,192,48
2025-06-23,2025-06-24,10Y,1,source_original_daily_0629_algorithm,1,0.5595825768894497,1,true,D10Y,10Y04,10y_all_daily_ic_top200_lgbm_7sig,TB0YWI0C,full_action,,,,1,1,1,0.5595825768894497,0.52,,model,3,4,,,,,,,,0.008,false,192,48
2025-06-24,2025-06-25,10Y,1,source_original_daily_0629_algorithm,1,0.49985199882101494,1,true,D10Y,10Y04,10y_all_daily_ic_top200_lgbm_7sig,TB0YWI0C,full_action,,,,1,1,1,0.49985199882101494,0.465,,model,3,4,,,,,,,,0.008,false,192,48
2025-06-25,2025-06-26,10Y,1,source_original_daily_0629_algorithm,1,0.4547729159899307,-1,false,D10Y,10Y04,10y_all_daily_ic_top200_lgbm_7sig,TB0YWI0C,full_action,,,,1,1,1,0.4547729159899307,0.45,,model,1,2,,,,,,,,0.008,false,192,48
2025-06-26,2025-06-27,10Y,1,source_original_daily_0629_algorithm,1,0.5923025665176999,1,true,D10Y,10Y04,10y_all_daily_ic_top200_lgbm_7sig,TB0YWI0C,full_action,,,,1,1,1,0.5923025665176999,0.48,,model,1,2,,,,,,,,0.008,false,192,48
2025-06-27,2025-06-30,10Y,1,source_original_daily_0629_algorithm,1,0.5089104312480731,1,true,D10Y,10Y04,10y_all_daily_ic_top200_lgbm_7sig,TB0YWI0C,full_action,,,,1,1,1,0.5089104312480731,0.45,,model,3,4,,,,,,,,0.008,false,192,48
2025-06-30,2025-07-01,10Y,1,source_original_daily_0629_algorithm,-1,0.4559226376991824,-1,true,D10Y,10Y04,10y_all_daily_ic_top200_lgbm_7sig,TB0YWI0C,full_action,,,,1,-1,1,0.4559226376991824,0.45,,model,-1,0,,,,,,,,0.008,true,192,48
2025-07-01,2025-07-02,10Y,1,source_original_daily_0629_algorithm,1,0.4534988840884653,-1,false,D10Y,10Y04,10y_all_daily_ic_top200_lgbm_7sig,TB0YWI0C,full_action,,,,1,1,1,0.4534988840884653,0.445,,model,1,2,,,,,,,,0.008,false,192,48
2025-07-02,2025-07-03,10Y,1,source_original_daily_0629_algorithm,1,0.5262640724073651,-1,false,D10Y,10Y04,10y_all_daily_ic_top200_lgbm_7sig,TB0YWI0C,full_action,,,,1,1,1,0.5262640724073651,0.495,,model,3,4,,,,,,,,0.008,false,192,48
2025-07-03,2025-07-04,10Y,1,source_original_daily_0629_algorithm,1,0.48260325549850763,1,true,D10Y,10Y04,10y_all_daily_ic_top200_lgbm_7sig,TB0YWI0C,full_action,,,,1,1,1,0.48260325549850763,0.445,,model,-1,0,,,,,,,,0.008,false,192,48
2025-07-04,2025-07-07,10Y,1,source_original_daily_0629_algorithm,-1,0.44025878275761327,-1,true,D10Y,10Y04,10y_all_daily_ic_top200_lgbm_7sig,TB0YWI0C,full_action,,,,-1,-1,-1,0.44025878275761327,0.445,,model,-1,-2,,,,,,,,0.008,false,192,48
2025-07-07,2025-07-08,10Y,1,source_original_daily_0629_algorithm,1,0.4229156232260474,1,true,D10Y,10Y04,10y_all_daily_ic_top200_lgbm_7sig,TB0YWI0C,full_action,,,,-1,1,1,0.4229156232260474,0.485,,model,3,2,,,,,,,,0.008,false,192,48
2025-07-08,2025-07-09,10Y,1,source_original_daily_0629_algorithm,1,0.4006367503073408,1,true,D10Y,10Y04,10y_all_daily_ic_top200_lgbm_7sig,TB0YWI0C,full_action,,,,-1,1,1,0.4006367503073408,0.48,,model,3,2,,,,,,,,0.008,false,192,48
2025-07-09,2025-07-10,10Y,1,source_original_daily_0629_algorithm,1,0.4056474238954347,1,true,D10Y,10Y04,10y_all_daily_ic_top200_lgbm_7sig,TB0YWI0C,full_action,,,,-1,1,1,0.4056474238954347,0.44,,model,5,4,,,,,,,,0.008,false,192,48
2025-07-10,2025-07-11,10Y,1,source_original_daily_0629_algorithm,1,0.42179819120921336,1,true,D10Y,10Y04,10y_all_daily_ic_top200_lgbm_7sig,TB0YWI0C,full_action,,,,-1,1,1,0.42179819120921336,0.46,,model,3,2,,,,,,,,0.008,false,192,48
2025-07-11,2025-07-14,10Y,1,source_original_daily_0629_algorithm,1,0.5691810500643426,1,true,D10Y,10Y04,10y_all_daily_ic_top200_lgbm_7sig,TB0YWI0C,full_action,,,,1,1,1,0.5691810500643426,0.455,,model,1,2,,,,,,,,0.008,false,192,48
2025-07-14,2025-07-15,10Y,1,source_original_daily_0629_algorithm,1,0.439181922767833,-1,false,D10Y,10Y04,10y_all_daily_ic_top200_lgbm_7sig,TB0YWI0C,full_action,,,,-1,1,1,0.439181922767833,0.455,,model,1,0,,,,,,,,0.008,false,192,48
2025-07-15,2025-07-16,10Y,1,source_original_daily_0629_algorithm,1,0.47548666433789516,1,true,D10Y,10Y04,10y_all_daily_ic_top200_lgbm_7sig,TB0YWI0C,full_action,,,,1,1,1,0.47548666433789516,0.43,,model,5,6,,,,,,,,0.008,false,192,48
2025-07-16,2025-07-17,10Y,1,source_original_daily_0629_algorithm,1,0.4306922013536729,1,true,D10Y,10Y04,10y_all_daily_ic_top200_lgbm_7sig,TB0YWI0C,full_action,,,,1,1,1,0.4306922013536729,0.43,,model,3,4,,,,,,,,0.008,false,192,48
2025-07-17,2025-07-18,10Y,1,source_original_daily_0629_algorithm,-1,0.49219132433175206,1,false,D10Y,10Y04,10y_all_daily_ic_top200_lgbm_7sig,TB0YWI0C,full_action,,,,-1,-1,-1,0.49219132433175206,0.5,,model,-1,-2,,,,,,,,0.008,false,192,48
2025-07-18,2025-07-21,10Y,1,source_original_daily_0629_algorithm,1,0.48523392313351926,1,true,D10Y,10Y04,10y_all_daily_ic_top200_lgbm_7sig,TB0YWI0C,full_action,,,,1,1,1,0.48523392313351926,0.425,,model,1,2,,,,,,,,0.008,false,192,48
2025-07-21,2025-07-22,10Y,1,source_original_daily_0629_algorithm,1,0.3806815516462624,1,true,D10Y,10Y04,10y_all_daily_ic_top200_lgbm_7sig,TB0YWI0C,full_action,,,,-1,1,1,0.3806815516462624,0.505,,model,1,0,,,,,,,,0.008,false,192,48
2025-07-22,2025-07-23,10Y,1,source_original_daily_0629_algorithm,1,0.3795453175805377,1,true,D10Y,10Y04,10y_all_daily_ic_top200_lgbm_7sig,TB0YWI0C,full_action,,,,-1,1,1,0.3795453175805377,0.46,,model,1,0,,,,,,,,0.008,false,192,48
2025-07-23,2025-07-24,10Y,1,source_original_daily_0629_algorithm,1,0.4364414414448662,1,true,D10Y,10Y04,10y_all_daily_ic_top200_lgbm_7sig,TB0YWI0C,full_action,,,,-1,1,1,0.4364414414448662,0.53,,model,1,0,,,,,,,,0.008,false,192,48
2025-07-24,2025-07-25,10Y,1,source_original_daily_0629_algorithm,1,0.5153575369405193,-1,false,D10Y,10Y04,10y_all_daily_ic_top200_lgbm_7sig,TB0YWI0C,full_action,,,,1,1,1,0.5153575369405193,0.51,,model,3,4,,,,,,,,0.008,false,192,48
2025-07-25,2025-07-28,10Y,1,source_original_daily_0629_algorithm,1,0.4689493565280959,-1,false,D10Y,10Y04,10y_all_daily_ic_top200_lgbm_7sig,TB0YWI0C,full_action,,,,1,1,1,0.4689493565280959,0.38,,model,3,4,,,,,,,,0.008,false,192,48
2025-07-28,2025-07-29,10Y,1,source_original_daily_0629_algorithm,1,0.5769374016110296,1,true,D10Y,10Y04,10y_all_daily_ic_top200_lgbm_7sig,TB0YWI0C,full_action,,,,1,1,1,0.5769374016110296,0.48,,model,3,4,,,,,,,,0.008,false,192,48
2025-07-29,2025-07-30,10Y,1,source_original_daily_0629_algorithm,-1,0.49922560945030087,-1,true,D10Y,10Y04,10y_all_daily_ic_top200_lgbm_7sig,TB0YWI0C,full_action,,,,-1,-1,1,0.49922560945030087,0.5,,model,1,0,,,,,,,,0.008,true,192,48
2025-07-30,2025-07-31,10Y,1,source_original_daily_0629_algorithm,1,0.5891630139040007,-1,false,D10Y,10Y04,10y_all_daily_ic_top200_lgbm_7sig,TB0YWI0C,full_action,,,,1,1,1,0.5891630139040007,0.43,,model,1,2,,,,,,,,0.008,false,192,48
2025-07-31,2025-08-01,10Y,1,source_original_daily_0629_algorithm,1,0.5876981067498545,-1,false,D10Y,10Y04,10y_all_daily_ic_top200_lgbm_7sig,TB0YWI0C,full_action,,,,1,1,1,0.5876981067498545,0.525,,model,3,4,,,,,,,,0.008,false,192,48
2025-08-01,2025-08-04,10Y,1,source_original_daily_0629_algorithm,1,0.5511475342277803,1,true,D10Y,10Y04,10y_all_daily_ic_top200_lgbm_7sig,TB0YWI0C,full_action,,,,1,1,1,0.5511475342277803,0.525,,model,1,2,,,,,,,,0.008,false,192,48
2025-08-04,2025-08-05,10Y,1,source_original_daily_0629_algorithm,1,0.5587056043499435,-1,false,D10Y,10Y04,10y_all_daily_ic_top200_lgbm_7sig,TB0YWI0C,full_action,,,,1,1,1,0.5587056043499435,0.515,,model,1,2,,,,,,,,0.008,false,192,48
2025-08-05,2025-08-06,10Y,1,source_original_daily_0629_algorithm,1,0.5251432661274317,-1,false,D10Y,10Y04,10y_all_daily_ic_top200_lgbm_7sig,TB0YWI0C,full_action,,,,1,1,1,0.5251432661274317,0.525,,model,1,2,,,,,,,,0.008,false,192,48
2025-08-06,2025-08-07,10Y,1,source_original_daily_0629_algorithm,1,0.5377515023452502,-1,false,D10Y,10Y04,10y_all_daily_ic_top200_lgbm_7sig,TB0YWI0C,full_action,,,,1,1,1,0.5377515023452502,0.49,,model,1,2,,,,,,,,0.008,false,192,48
2025-08-07,2025-08-08,10Y,1,source_original_daily_0629_algorithm,1,0.5592489507856083,1,true,D10Y,10Y04,10y_all_daily_ic_top200_lgbm_7sig,TB0YWI0C,full_action,,,,-1,1,1,0.5592489507856083,0.56,,model,3,2,,,,,,,,0.008,false,192,48
2025-08-08,2025-08-11,10Y,1,source_original_daily_0629_algorithm,1,0.5120280782757922,1,true,D10Y,10Y04,10y_all_daily_ic_top200_lgbm_7sig,TB0YWI0C,full_action,,,,-1,1,1,0.5120280782757922,0.555,,model,1,0,,,,,,,,0.008,false,192,48
2025-08-11,2025-08-12,10Y,1,source_original_daily_0629_algorithm,1,0.5146956621097196,1,true,D10Y,10Y04,10y_all_daily_ic_top200_lgbm_7sig,TB0YWI0C,full_action,,,,-1,1,1,0.5146956621097196,0.555,,model,1,0,,,,,,,,0.008,false,192,48
2025-08-12,2025-08-13,10Y,1,source_original_daily_0629_algorithm,1,0.5105930924654845,-1,false,D10Y,10Y04,10y_all_daily_ic_top200_lgbm_7sig,TB0YWI0C,full_action,,,,1,1,1,0.5105930924654845,0.48,,model,1,2,,,,,,,,0.008,false,192,48
2025-08-13,2025-08-14,10Y,1,source_original_daily_0629_algorithm,1,0.45632909045581527,1,true,D10Y,10Y04,10y_all_daily_ic_top200_lgbm_7sig,TB0YWI0C,full_action,,,,-1,1,1,0.45632909045581527,0.5,,model,3,2,,,,,,,,0.008,false,192,48
2025-08-14,2025-08-15,10Y,1,source_original_daily_0629_algorithm,1,0.37462964721002007,1,true,D10Y,10Y04,10y_all_daily_ic_top200_lgbm_7sig,TB0YWI0C,full_action,,,,-1,1,1,0.37462964721002007,0.45,,model,3,2,,,,,,,,0.008,false,192,48
2025-08-15,2025-08-18,10Y,1,source_original_daily_0629_algorithm,1,0.4970704908863218,1,true,D10Y,10Y04,10y_all_daily_ic_top200_lgbm_7sig,TB0YWI0C,full_action,,,,-1,1,1,0.4970704908863218,0.525,,model,1,0,,,,,,,,0.008,false,192,48
2025-08-18,2025-08-19,10Y,1,source_original_daily_0629_algorithm,1,0.4547772363137839,-1,false,D10Y,10Y04,10y_all_daily_ic_top200_lgbm_7sig,TB0YWI0C,full_action,,,,-1,1,1,0.4547772363137839,0.52,,model,1,0,,,,,,,,0.008,false,192,48
2025-08-19,2025-08-20,10Y,1,source_original_daily_0629_algorithm,1,0.4962565918544991,1,true,D10Y,10Y04,10y_all_daily_ic_top200_lgbm_7sig,TB0YWI0C,full_action,,,,-1,1,1,0.4962565918544991,0.565,,model,3,2,,,,,,,,0.008,false,192,48
2025-08-20,2025-08-21,10Y,1,source_original_daily_0629_algorithm,1,0.43028883689464836,-1,false,D10Y,10Y04,10y_all_daily_ic_top200_lgbm_7sig,TB0YWI0C,full_action,,,,-1,1,1,0.43028883689464836,0.515,,model,3,2,,,,,,,,0.008,false,192,48
2025-08-21,2025-08-22,10Y,1,source_original_daily_0629_algorithm,1,0.47306198953367895,1,true,D10Y,10Y04,10y_all_daily_ic_top200_lgbm_7sig,TB0YWI0C,full_action,,,,1,1,1,0.47306198953367895,0.455,,model,-1,0,,,,,,,,0.008,false,192,48
2025-08-22,2025-08-25,10Y,1,source_original_daily_0629_algorithm,1,0.40787034181316956,-1,false,D10Y,10Y04,10y_all_daily_ic_top200_lgbm_7sig,TB0YWI0C,full_action,,,,-1,1,1,0.40787034181316956,0.435,,model,1,0,,,,,,,,0.008,false,192,48
2025-08-25,2025-08-26,10Y,1,source_original_daily_0629_algorithm,-1,0.39936089297802435,-1,true,D10Y,10Y04,10y_all_daily_ic_top200_lgbm_7sig,TB0YWI0C,full_action,,,,-1,-1,-1,0.39936089297802435,0.42,,model,-1,-2,,,,,,,,0.008,false,192,48
2025-08-26,2025-08-27,10Y,1,source_original_daily_0629_algorithm,1,0.38750809857312973,1,true,D10Y,10Y04,10y_all_daily_ic_top200_lgbm_7sig,TB0YWI0C,full_action,,,,-1,1,1,0.38750809857312973,0.41500000000000004,,model,3,2,,,,,,,,0.008,false,192,48
2025-08-27,2025-08-28,10Y,1,source_original_daily_0629_algorithm,-1,0.3486663688587321,1,false,D10Y,10Y04,10y_all_daily_ic_top200_lgbm_7sig,TB0YWI0C,full_action,,,,-1,-1,-1,0.3486663688587321,0.395,,model,-1,-2,,,,,,,,0.008,false,192,48
2025-08-28,2025-08-29,10Y,1,source_original_daily_0629_algorithm,-1,0.3400752845599271,-1,true,D10Y,10Y04,10y_all_daily_ic_top200_lgbm_7sig,TB0YWI0C,full_action,,,,-1,-1,-1,0.3400752845599271,0.405,,model,-3,-4,,,,,,,,0.008,false,192,48
2025-08-29,2025-09-01,10Y,1,source_original_daily_0629_algorithm,1,0.37876709941075376,-1,false,D10Y,10Y04,10y_all_daily_ic_top200_lgbm_7sig,TB0YWI0C,full_action,,,,-1,1,1,0.37876709941075376,0.405,,model,1,0,,,,,,,,0.008,false,192,48
2025-09-01,2025-09-02,10Y,1,source_original_daily_0629_algorithm,1,0.36617199443333287,-1,false,D10Y,10Y04,10y_all_daily_ic_top200_lgbm_7sig,TB0YWI0C,full_action,,,,-1,1,1,0.36617199443333287,0.41500000000000004,,model,1,0,,,,,,,,0.008,false,192,48
2025-09-02,2025-09-03,10Y,1,source_original_daily_0629_algorithm,-1,0.3560167775692274,-1,true,D10Y,10Y04,10y_all_daily_ic_top200_lgbm_7sig,TB0YWI0C,full_action,,,,-1,-1,-1,0.3560167775692274,0.41500000000000004,,model,-1,-2,,,,,,,,0.008,false,192,48
2025-09-03,2025-09-04,10Y,1,source_original_daily_0629_algorithm,1,0.40681272344196195,1,true,D10Y,10Y04,10y_all_daily_ic_top200_lgbm_7sig,TB0YWI0C,full_action,,,,-1,1,1,0.40681272344196195,0.42,,model,1,0,,,,,,,,0.008,false,192,48
2025-09-04,2025-09-05,10Y,1,source_original_daily_0629_algorithm,1,0.40218848987619865,1,true,D10Y,10Y04,10y_all_daily_ic_top200_lgbm_7sig,TB0YWI0C,full_action,,,,-1,1,1,0.40218848987619865,0.44,,model,1,0,,,,,,,,0.008,false,192,48
2025-09-05,2025-09-08,10Y,1,source_original_daily_0629_algorithm,1,0.3823378169443118,1,true,D10Y,10Y04,10y_all_daily_ic_top200_lgbm_7sig,TB0YWI0C,full_action,,,,-1,1,1,0.3823378169443118,0.44,,model,1,0,,,,,,,,0.008,false,192,48
2025-09-08,2025-09-09,10Y,1,source_original_daily_0629_algorithm,1,0.3835252000872578,1,true,D10Y,10Y04,10y_all_daily_ic_top200_lgbm_7sig,TB0YWI0C,full_action,,,,-1,1,1,0.3835252000872578,0.41000000000000003,,model,1,0,,,,,,,,0.008,false,192,48
2025-09-09,2025-09-10,10Y,1,source_original_daily_0629_algorithm,1,0.4594365840018441,1,true,D10Y,10Y04,10y_all_daily_ic_top200_lgbm_7sig,TB0YWI0C,full_action,,,,1,1,1,0.4594365840018441,0.38,,model,-1,0,,,,,,,,0.008,false,192,48
2025-09-10,2025-09-11,10Y,1,source_original_daily_0629_algorithm,-1,0.44200170461798216,-1,true,D10Y,10Y04,10y_all_daily_ic_top200_lgbm_7sig,TB0YWI0C,full_action,,,,-1,-1,1,0.44200170461798216,0.45,,model,1,0,,,,,,,,0.008,true,192,48
2025-09-11,2025-09-12,10Y,1,source_original_daily_0629_algorithm,1,0.4592455386820989,-1,false,D10Y,10Y04,10y_all_daily_ic_top200_lgbm_7sig,TB0YWI0C,full_action,,,,1,1,1,0.4592455386820989,0.38,,model,-1,0,,,,,,,,0.008,false,192,48
2025-09-12,2025-09-15,10Y,1,source_original_daily_0629_algorithm,1,0.4592455386820989,1,true,D10Y,10Y04,10y_all_daily_ic_top200_lgbm_7sig,TB0YWI0C,full_action,,,,1,1,1,0.4592455386820989,0.38,,model,1,2,,,,,,,,0.008,false,192,48
2025-09-15,2025-09-16,10Y,1,source_original_daily_0629_algorithm,-1,0.46198419101250626,-1,true,D10Y,10Y04,10y_all_daily_ic_top200_lgbm_7sig,TB0YWI0C,full_action,,,,1,-1,1,0.46198419101250626,0.455,,model,-1,0,,,,,,,,0.008,true,192,48
2025-09-16,2025-09-17,10Y,1,source_original_daily_0629_algorithm,1,0.4488578512015767,-1,false,D10Y,10Y04,10y_all_daily_ic_top200_lgbm_7sig,TB0YWI0C,full_action,,,,1,1,1,0.4488578512015767,0.44,,model,1,2,,,,,,,,0.008,false,192,48
2025-09-17,2025-09-18,10Y,1,source_original_daily_0629_algorithm,1,0.4715027533085486,1,true,D10Y,10Y04,10y_all_daily_ic_top200_lgbm_7sig,TB0YWI0C,full_action,,,,1,1,1,0.4715027533085486,0.45,,model,3,4,,,,,,,,0.008,false,192,48
2025-09-18,2025-09-19,10Y,1,source_original_daily_0629_algorithm,-1,0.3647628775033059,1,false,D10Y,10Y04,10y_all_daily_ic_top200_lgbm_7sig,TB0YWI0C,full_action,,,,-1,-1,-1,0.3647628775033059,0.445,,model,-1,-2,,,,,,,,0.008,false,192,48
2025-09-19,2025-09-22,10Y,1,source_original_daily_0629_algorithm,-1,0.3193191808513081,-1,true,D10Y,10Y04,10y_all_daily_ic_top200_lgbm_7sig,TB0YWI0C,full_action,,,,-1,-1,-1,0.3193191808513081,0.445,,model,-3,-4,,,,,,,,0.008,false,192,48
2025-09-22,2025-09-23,10Y,1,source_original_daily_0629_algorithm,1,0.47470441980806277,1,true,D10Y,10Y04,10y_all_daily_ic_top200_lgbm_7sig,TB0YWI0C,full_action,,,,1,1,1,0.47470441980806277,0.425,,model,-1,0,,,,,,,,0.008,false,192,48
2025-09-23,2025-09-24,10Y,1,source_original_daily_0629_algorithm,-1,0.4546736317706197,1,false,D10Y,10Y04,10y_all_daily_ic_top200_lgbm_7sig,TB0YWI0C,full_action,,,,-1,-1,-1,0.4546736317706197,0.49,,model,-1,-2,,,,,,,,0.008,false,192,48
2025-09-24,2025-09-25,10Y,1,source_original_daily_0629_algorithm,-1,0.5040747782512852,-1,true,D10Y,10Y04,10y_all_daily_ic_top200_lgbm_7sig,TB0YWI0C,full_action,,,,1,-1,-1,0.5040747782512852,0.465,,model,-3,-2,,,,,,,,0.008,false,192,48
2025-09-25,2025-09-26,10Y,1,source_original_daily_0629_algorithm,-1,0.4893689018496809,-1,true,D10Y,10Y04,10y_all_daily_ic_top200_lgbm_7sig,TB0YWI0C,full_action,,,,1,-1,-1,0.4893689018496809,0.485,,model,-3,-2,,,,,,,,0.008,false,192,48
2025-09-26,2025-09-29,10Y,1,source_original_daily_0629_algorithm,1,0.530582592090662,1,true,D10Y,10Y04,10y_all_daily_ic_top200_lgbm_7sig,TB0YWI0C,full_action,,,,1,1,1,0.530582592090662,0.465,,model,-1,0,,,,,,,,0.008,false,192,48
2025-09-29,2025-09-30,10Y,1,source_original_daily_0629_algorithm,-1,0.4986083499484889,-1,true,D10Y,10Y04,10y_all_daily_ic_top200_lgbm_7sig,TB0YWI0C,full_action,,,,1,-1,-1,0.4986083499484889,0.475,,model,-5,-4,,,,,,,,0.008,false,192,48
2025-09-30,2025-10-09,10Y,1,source_original_daily_0629_algorithm,-1,0.49985807613660577,-1,true,D10Y,10Y04,10y_all_daily_ic_top200_lgbm_7sig,TB0YWI0C,full_action,,,,-1,-1,-1,0.49985807613660577,0.51,,model,-5,-6,,,,,,,,0.008,false,192,48
2025-10-09,2025-10-10,10Y,1,source_original_daily_0629_algorithm,-1,0.5101500901127058,-1,true,D10Y,10Y04,10y_all_daily_ic_top200_lgbm_7sig,TB0YWI0C,full_action,,,,-1,-1,-1,0.5101500901127058,0.525,,model,-1,-2,,,,,,,,0.008,false,192,48
2025-10-10,2025-10-13,10Y,1,source_original_daily_0629_algorithm,-1,0.5077208684587964,-1,true,D10Y,10Y04,10y_all_daily_ic_top200_lgbm_7sig,TB0YWI0C,full_action,,,,-1,-1,-1,0.5077208684587964,0.52,,model,-5,-6,,,,,,,,0.008,false,192,48
2025-10-13,2025-10-14,10Y,1,source_original_daily_0629_algorithm,-1,0.5120988670019803,-1,true,D10Y,10Y04,10y_all_daily_ic_top200_lgbm_7sig,TB0YWI0C,full_action,,,,-1,-1,-1,0.5120988670019803,0.52,,model,-5,-6,,,,,,,,0.008,false,192,48
2025-10-14,2025-10-15,10Y,1,source_original_daily_0629_algorithm,1,0.5069122761044268,1,true,D10Y,10Y04,10y_all_daily_ic_top200_lgbm_7sig,TB0YWI0C,full_action,,,,-1,1,1,0.5069122761044268,0.52,,model,3,2,,,,,,,,0.008,false,192,48
2025-10-15,2025-10-16,10Y,1,source_original_daily_0629_algorithm,1,0.48747177894236543,-1,false,D10Y,10Y04,10y_all_daily_ic_top200_lgbm_7sig,TB0YWI0C,full_action,,,,1,1,1,0.48747177894236543,0.46,,model,-1,0,,,,,,,,0.008,false,192,48
2025-10-16,2025-10-17,10Y,1,source_original_daily_0629_algorithm,1,0.4871865837124976,-1,false,D10Y,10Y04,10y_all_daily_ic_top200_lgbm_7sig,TB0YWI0C,full_action,,,,1,1,1,0.4871865837124976,0.47,,model,-1,0,,,,,,,,0.008,false,192,48
2025-10-17,2025-10-20,10Y,1,source_original_daily_0629_algorithm,1,0.48012543324968215,1,true,D10Y,10Y04,10y_all_daily_ic_top200_lgbm_7sig,TB0YWI0C,full_action,,,,1,1,1,0.48012543324968215,0.455,,model,1,2,,,,,,,,0.008,false,192,48
2025-10-20,2025-10-21,10Y,1,source_original_daily_0629_algorithm,1,0.45920715445544746,-1,false,D10Y,10Y04,10y_all_daily_ic_top200_lgbm_7sig,TB0YWI0C,full_action,,,,1,1,1,0.45920715445544746,0.435,,model,1,2,,,,,,,,0.008,false,192,48
2025-10-21,2025-10-22,10Y,1,source_original_daily_0629_algorithm,-1,0.46761134601727583,1,false,D10Y,10Y04,10y_all_daily_ic_top200_lgbm_7sig,TB0YWI0C,full_action,,,,-1,-1,1,0.46761134601727583,0.47,,model,1,0,,,,,,,,0.008,true,192,48
2025-10-22,2025-10-23,10Y,1,source_original_daily_0629_algorithm,1,0.4571921236684046,1,true,D10Y,10Y04,10y_all_daily_ic_top200_lgbm_7sig,TB0YWI0C,full_action,,,,1,1,1,0.4571921236684046,0.45,,model,3,4,,,,,,,,0.008,false,192,48
2025-10-23,2025-10-24,10Y,1,source_original_daily_0629_algorithm,-1,0.47718910824620764,1,false,D10Y,10Y04,10y_all_daily_ic_top200_lgbm_7sig,TB0YWI0C,full_action,,,,-1,-1,1,0.47718910824620764,0.48,,model,1,0,,,,,,,,0.008,true,192,48
2025-10-24,2025-10-27,10Y,1,source_original_daily_0629_algorithm,-1,0.4821645263606312,-1,true,D10Y,10Y04,10y_all_daily_ic_top200_lgbm_7sig,TB0YWI0C,full_action,,,,-1,-1,1,0.4821645263606312,0.485,,model,1,0,,,,,,,,0.008,true,192,48
2025-10-27,2025-10-28,10Y,1,source_original_daily_0629_algorithm,1,0.49886423870302726,1,true,D10Y,10Y04,10y_all_daily_ic_top200_lgbm_7sig,TB0YWI0C,full_action,,,,-1,1,1,0.49886423870302726,0.5,,model,3,2,,,,,,,,0.008,false,192,48
2025-10-28,2025-10-29,10Y,1,source_original_daily_0629_algorithm,-1,0.5052083333333333,0,false,D10Y,10Y04,10y_all_daily_ic_top200_lgbm_7sig,TB0YWI0C,full_action,,,,-1,-1,1,0.5052083333333333,0.51,,model,1,0,,,,,,,,0.008,true,192,48
2025-10-29,2025-10-30,10Y,1,source_original_daily_0629_algorithm,1,0.4935862675103549,-1,false,D10Y,10Y04,10y_all_daily_ic_top200_lgbm_7sig,TB0YWI0C,full_action,,,,1,1,1,0.4935862675103549,0.465,,model,1,2,,,,,,,,0.008,false,192,48
2025-10-30,2025-10-31,10Y,1,source_original_daily_0629_algorithm,1,0.5007535833389457,-1,false,D10Y,10Y04,10y_all_daily_ic_top200_lgbm_7sig,TB0YWI0C,full_action,,,,1,1,1,0.5007535833389457,0.465,,model,1,2,,,,,,,,0.008,false,192,48
2025-10-31,2025-11-03,10Y,1,source_original_daily_0629_algorithm,-1,0.4641075812609109,-1,true,D10Y,10Y04,10y_all_daily_ic_top200_lgbm_7sig,TB0YWI0C,full_action,,,,-1,-1,-1,0.4641075812609109,0.48,,model,-1,-2,,,,,,,,0.008,false,192,48
2025-11-03,2025-11-04,10Y,1,source_original_daily_0629_algorithm,-1,0.4597151894459322,0,false,D10Y,10Y04,10y_all_daily_ic_top200_lgbm_7sig,TB0YWI0C,full_action,,,,-1,-1,-1,0.4597151894459322,0.495,,model,-3,-4,,,,,,,,0.008,false,192,48
2025-11-04,2025-11-05,10Y,1,source_original_daily_0629_algorithm,-1,0.5346214183819336,1,false,D10Y,10Y04,10y_all_daily_ic_top200_lgbm_7sig,TB0YWI0C,full_action,,,,-1,-1,-1,0.5346214183819336,0.545,,model,-1,-2,,,,,,,,0.008,false,192,48
2025-11-05,2025-11-06,10Y,1,source_original_daily_0629_algorithm,-1,0.44781372680629616,1,false,D10Y,10Y04,10y_all_daily_ic_top200_lgbm_7sig,TB0YWI0C,full_action,,,,-1,-1,-1,0.44781372680629616,0.545,,model,-1,-2,,,,,,,,0.008,false,192,48
2025-11-06,2025-11-07,10Y,1,source_original_daily_0629_algorithm,1,0.45203551083821547,1,true,D10Y,10Y04,10y_all_daily_ic_top200_lgbm_7sig,TB0YWI0C,full_action,,,,-1,1,1,0.45203551083821547,0.48,,model,1,0,,,,,,,,0.008,false,192,48
2025-11-07,2025-11-10,10Y,1,source_original_daily_0629_algorithm,-1,0.4687360942938426,-1,true,D10Y,10Y04,10y_all_daily_ic_top200_lgbm_7sig,TB0YWI0C,full_action,,,,-1,-1,-1,0.4687360942938426,0.485,,model,-3,-4,,,,,,,,0.008,false,192,48
2025-11-10,2025-11-11,10Y,1,source_original_daily_0629_algorithm,-1,0.5024783181001259,-1,true,D10Y,10Y04,10y_all_daily_ic_top200_lgbm_7sig,TB0YWI0C,full_action,,,,-1,-1,1,0.5024783181001259,0.505,,model,1,0,,,,,,,,0.008,true,192,48
2025-11-11,2025-11-12,10Y,1,source_original_daily_0629_algorithm,-1,0.5207796043315592,-1,true,D10Y,10Y04,10y_all_daily_ic_top200_lgbm_7sig,TB0YWI0C,full_action,,,,1,-1,1,0.5207796043315592,0.515,,model,-1,0,,,,,,,,0.008,true,192,48
2025-11-12,2025-11-13,10Y,1,source_original_daily_0629_algorithm,-1,0.5200313784934539,1,false,D10Y,10Y04,10y_all_daily_ic_top200_lgbm_7sig,TB0YWI0C,full_action,,,,1,-1,1,0.5200313784934539,0.515,,model,-1,0,,,,,,,,0.008,true,192,48
2025-11-13,2025-11-14,10Y,1,source_original_daily_0629_algorithm,-1,0.4344975566793414,1,false,D10Y,10Y04,10y_all_daily_ic_top200_lgbm_7sig,TB0YWI0C,full_action,,,,-1,-1,-1,0.4344975566793414,0.515,,model,-1,-2,,,,,,,,0.008,false,192,48
2025-11-14,2025-11-17,10Y,1,source_original_daily_0629_algorithm,-1,0.5169988706262292,-1,true,D10Y,10Y04,10y_all_daily_ic_top200_lgbm_7sig,TB0YWI0C,full_action,,,,-1,-1,-1,0.5169988706262292,0.52,,model,-3,-4,,,,,,,,0.008,false,192,48
2025-11-17,2025-11-18,10Y,1,source_original_daily_0629_algorithm,-1,0.5172728588763432,1,false,D10Y,10Y04,10y_all_daily_ic_top200_lgbm_7sig,TB0YWI0C,full_action,,,,-1,-1,1,0.5172728588763432,0.52,,model,1,0,,,,,,,,0.008,true,192,48
2025-11-18,2025-11-19,10Y,1,source_original_daily_0629_algorithm,1,0.5169236877711091,1,true,D10Y,10Y04,10y_all_daily_ic_top200_lgbm_7sig,TB0YWI0C,full_action,,,,-1,1,1,0.5169236877711091,0.52,,model,3,2,,,,,,,,0.008,false,192,48
2025-11-19,2025-11-20,10Y,1,source_original_daily_0629_algorithm,1,0.5074558749814704,1,true,D10Y,10Y04,10y_all_daily_ic_top200_lgbm_7sig,TB0YWI0C,full_action,,,,-1,1,1,0.5074558749814704,0.525,,model,1,0,,,,,,,,0.008,false,192,48
2025-11-20,2025-11-21,10Y,1,source_original_daily_0629_algorithm,1,0.524405693897492,1,true,D10Y,10Y04,10y_all_daily_ic_top200_lgbm_7sig,TB0YWI0C,full_action,,,,1,1,1,0.524405693897492,0.52,,model,3,4,,,,,,,,0.008,false,192,48
2025-11-21,2025-11-24,10Y,1,source_original_daily_0629_algorithm,1,0.5039519653952237,1,true,D10Y,10Y04,10y_all_daily_ic_top200_lgbm_7sig,TB0YWI0C,full_action,,,,-1,1,1,0.5039519653952237,0.505,,model,5,4,,,,,,,,0.008,false,192,48
2025-11-24,2025-11-25,10Y,1,source_original_daily_0629_algorithm,1,0.49295766283769515,1,true,D10Y,10Y04,10y_all_daily_ic_top200_lgbm_7sig,TB0YWI0C,full_action,,,,1,1,1,0.49295766283769515,0.49,,model,1,2,,,,,,,,0.008,false,192,48
2025-11-25,2025-11-26,10Y,1,source_original_daily_0629_algorithm,-1,0.5212933949529555,1,false,D10Y,10Y04,10y_all_daily_ic_top200_lgbm_7sig,TB0YWI0C,full_action,,,,1,-1,1,0.5212933949529555,0.52,,model,-1,0,,,,,,,,0.008,true,192,48
2025-11-26,2025-11-27,10Y,1,source_original_daily_0629_algorithm,-1,0.48911706102217417,1,false,D10Y,10Y04,10y_all_daily_ic_top200_lgbm_7sig,TB0YWI0C,full_action,,,,-1,-1,1,0.48911706102217417,0.495,,model,1,0,,,,,,,,0.008,true,192,48
2025-11-27,2025-11-28,10Y,1,source_original_daily_0629_algorithm,1,0.5795344422795069,-1,false,D10Y,10Y04,10y_all_daily_ic_top200_lgbm_7sig,TB0YWI0C,full_action,,,,1,1,1,0.5795344422795069,0.535,,model,-1,0,,,,,,,,0.008,false,192,48
2025-11-28,2025-12-01,10Y,1,source_original_daily_0629_algorithm,-1,0.5249171079078019,-1,true,D10Y,10Y04,10y_all_daily_ic_top200_lgbm_7sig,TB0YWI0C,full_action,,,,-1,-1,-1,0.5249171079078019,0.56,,model,-1,-2,,,,,,,,0.008,false,192,48
2025-12-01,2025-12-02,10Y,1,source_original_daily_0629_algorithm,1,0.541517522939482,1,true,D10Y,10Y04,10y_all_daily_ic_top200_lgbm_7sig,TB0YWI0C,full_action,,,,1,1,1,0.541517522939482,0.525,,model,3,4,,,,,,,,0.008,false,192,48
2025-12-02,2025-12-03,10Y,1,source_original_daily_0629_algorithm,-1,0.5145463679104803,1,false,D10Y,10Y04,10y_all_daily_ic_top200_lgbm_7sig,TB0YWI0C,full_action,,,,-1,-1,-1,0.5145463679104803,0.515,,model,-1,-2,,,,,,,,0.008,false,192,48
2025-12-03,2025-12-04,10Y,1,source_original_daily_0629_algorithm,1,0.5348856085831798,1,true,D10Y,10Y04,10y_all_daily_ic_top200_lgbm_7sig,TB0YWI0C,full_action,,,,1,1,1,0.5348856085831798,0.53,,model,3,4,,,,,,,,0.008,false,192,48
2025-12-04,2025-12-05,10Y,1,source_original_daily_0629_algorithm,1,0.5224643847967662,-1,false,D10Y,10Y04,10y_all_daily_ic_top200_lgbm_7sig,TB0YWI0C,full_action,,,,1,1,1,0.5224643847967662,0.38,,model,1,2,,,,,,,,0.008,false,192,48
2025-12-05,2025-12-08,10Y,1,source_original_daily_0629_algorithm,1,0.5168601885377366,1,true,D10Y,10Y04,10y_all_daily_ic_top200_lgbm_7sig,TB0YWI0C,full_action,,,,1,1,1,0.5168601885377366,0.505,,model,1,2,,,,,,,,0.008,false,192,48
2025-12-08,2025-12-09,10Y,1,source_original_daily_0629_algorithm,1,0.5273315845355908,1,true,D10Y,10Y04,10y_all_daily_ic_top200_lgbm_7sig,TB0YWI0C,full_action,,,,1,1,1,0.5273315845355908,0.38,,model,1,2,,,,,,,,0.008,false,192,48
2025-12-09,2025-12-10,10Y,1,source_original_daily_0629_algorithm,1,0.6219660158342755,0,false,D10Y,10Y04,10y_all_daily_ic_top200_lgbm_7sig,TB0YWI0C,full_action,,,,1,1,1,0.6219660158342755,0.425,,model,1,2,,,,,,,,0.008,false,192,48
2025-12-10,2025-12-11,10Y,1,source_original_daily_0629_algorithm,1,0.5270651457191431,-1,false,D10Y,10Y04,10y_all_daily_ic_top200_lgbm_7sig,TB0YWI0C,full_action,,,,1,1,1,0.5270651457191431,0.52,,model,1,2,,,,,,,,0.008,false,192,48
2025-12-11,2025-12-12,10Y,1,source_original_daily_0629_algorithm,1,0.5387094345491145,1,true,D10Y,10Y04,10y_all_daily_ic_top200_lgbm_7sig,TB0YWI0C,full_action,,,,1,1,1,0.5387094345491145,0.52,,model,3,4,,,,,,,,0.008,false,192,48
2025-12-12,2025-12-15,10Y,1,source_original_daily_0629_algorithm,1,0.6953264659015006,1,true,D10Y,10Y04,10y_all_daily_ic_top200_lgbm_7sig,TB0YWI0C,full_action,,,,1,1,1,0.6953264659015006,0.44,,model,-1,0,,,,,,,,0.008,false,192,48
2025-12-15,2025-12-16,10Y,1,source_original_daily_0629_algorithm,-1,0.6918434388412329,-1,true,D10Y,10Y04,10y_all_daily_ic_top200_lgbm_7sig,TB0YWI0C,full_action,,,,1,-1,-1,0.6918434388412329,0.555,,model,-3,-2,,,,,,,,0.008,false,192,48
2025-12-16,2025-12-17,10Y,1,source_original_daily_0629_algorithm,1,0.649995490297197,-1,false,D10Y,10Y04,10y_all_daily_ic_top200_lgbm_7sig,TB0YWI0C,full_action,,,,1,1,1,0.649995490297197,0.475,,model,1,2,,,,,,,,0.008,false,192,48
2025-12-17,2025-12-18,10Y,1,source_original_daily_0629_algorithm,1,0.5320384364887054,1,true,D10Y,10Y04,10y_all_daily_ic_top200_lgbm_7sig,TB0YWI0C,full_action,,,,1,1,1,0.5320384364887054,0.38,,model,-1,0,,,,,,,,0.008,false,192,48
2025-12-18,2025-12-19,10Y,1,source_original_daily_0629_algorithm,-1,0.536923054314435,-1,true,D10Y,10Y04,10y_all_daily_ic_top200_lgbm_7sig,TB0YWI0C,full_action,,,,1,-1,-1,0.536923054314435,0.38,,model,-3,-2,,,,,,,,0.008,false,192,48
2025-12-19,2025-12-22,10Y,1,source_original_daily_0629_algorithm,1,0.5366900703865471,1,true,D10Y,10Y04,10y_all_daily_ic_top200_lgbm_7sig,TB0YWI0C,full_action,,,,1,1,1,0.5366900703865471,0.38,,model,-1,0,,,,,,,,0.008,false,192,48
2025-12-22,2025-12-23,10Y,1,source_original_daily_0629_algorithm,-1,0.5341084506408543,-1,true,D10Y,10Y04,10y_all_daily_ic_top200_lgbm_7sig,TB0YWI0C,full_action,,,,1,-1,-1,0.5341084506408543,0.38,,model,-3,-2,,,,,,,,0.008,false,192,48
2025-12-23,2025-12-24,10Y,1,source_original_daily_0629_algorithm,-1,0.540563415998156,0,false,D10Y,10Y04,10y_all_daily_ic_top200_lgbm_7sig,TB0YWI0C,full_action,,,,1,-1,-1,0.540563415998156,0.535,,model,-3,-2,,,,,,,,0.008,false,192,48
2025-12-24,2025-12-25,10Y,1,source_original_daily_0629_algorithm,1,0.5229999367001469,1,true,D10Y,10Y04,10y_all_daily_ic_top200_lgbm_7sig,TB0YWI0C,full_action,,,,1,1,1,0.5229999367001469,0.38,,model,-1,0,,,,,,,,0.008,false,192,48
2025-12-25,2025-12-26,10Y,1,source_original_daily_0629_algorithm,-1,0.5229999367001469,-1,true,D10Y,10Y04,10y_all_daily_ic_top200_lgbm_7sig,TB0YWI0C,full_action,,,,1,-1,-1,0.5229999367001469,0.38,,model,-3,-2,,,,,,,,0.008,false,192,48
2025-12-26,2025-12-29,10Y,1,source_original_daily_0629_algorithm,-1,0.5264173407011035,1,false,D10Y,10Y04,10y_all_daily_ic_top200_lgbm_7sig,TB0YWI0C,full_action,,,,1,-1,-1,0.5264173407011035,0.515,,model,-5,-4,,,,,,,,0.008,false,192,48
2025-12-29,2025-12-30,10Y,1,source_original_daily_0629_algorithm,-1,0.528782095810485,1,false,D10Y,10Y04,10y_all_daily_ic_top200_lgbm_7sig,TB0YWI0C,full_action,,,,1,-1,-1,0.528782095810485,0.52,,model,-3,-2,,,,,,,,0.008,false,192,48
2025-12-30,2025-12-31,10Y,1,source_original_daily_0629_algorithm,-1,0.5329476835155021,-1,true,D10Y,10Y04,10y_all_daily_ic_top200_lgbm_7sig,TB0YWI0C,full_action,,,,1,-1,-1,0.5329476835155021,0.52,,model,-5,-4,,,,,,,,0.008,false,192,48
2025-12-31,2026-01-05,10Y,1,source_original_daily_0629_algorithm,1,0.5285645306889487,1,true,D10Y,10Y04,10y_all_daily_ic_top200_lgbm_7sig,TB0YWI0C,full_action,,,,1,1,1,0.5285645306889487,0.52,,model,-1,0,,,,,,,,0.008,false,192,48
2026-01-05,2026-01-06,10Y,1,source_original_daily_0629_algorithm,1,0.5330362672406619,1,true,D10Y,10Y04,10y_all_daily_ic_top200_lgbm_7sig,TB0YWI0C,full_action,,,,1,1,1,0.5330362672406619,0.52,,model,-1,0,,,,,,,,0.008,false,192,48
2026-01-06,2026-01-07,10Y,1,source_original_daily_0629_algorithm,-1,0.5193805632957627,1,false,D10Y,10Y04,10y_all_daily_ic_top200_lgbm_7sig,TB0YWI0C,full_action,,,,1,-1,-1,0.5193805632957627,0.38,,model,-5,-4,,,,,,,,0.008,false,192,48
2026-01-07,2026-01-08,10Y,1,source_original_daily_0629_algorithm,-1,0.5248283111057924,-1,true,D10Y,10Y04,10y_all_daily_ic_top200_lgbm_7sig,TB0YWI0C,full_action,,,,1,-1,-1,0.5248283111057924,0.38,,model,-3,-2,,,,,,,,0.008,false,192,48
2026-01-08,2026-01-09,10Y,1,source_original_daily_0629_algorithm,-1,0.5303116485681317,-1,true,D10Y,10Y04,10y_all_daily_ic_top200_lgbm_7sig,TB0YWI0C,full_action,,,,1,-1,-1,0.5303116485681317,0.38,,model,-3,-2,,,,,,,,0.008,false,192,48
2026-01-09,2026-01-12,10Y,1,source_original_daily_0629_algorithm,-1,0.5356385149233978,-1,true,D10Y,10Y04,10y_all_daily_ic_top200_lgbm_7sig,TB0YWI0C,full_action,,,,1,-1,1,0.5356385149233978,0.53,,model,-1,0,,,,,,,,0.008,true,192,48
2026-01-12,2026-01-13,10Y,1,source_original_daily_0629_algorithm,-1,0.5576067000324461,-1,true,D10Y,10Y04,10y_all_daily_ic_top200_lgbm_7sig,TB0YWI0C,full_action,,,,1,-1,-1,0.5576067000324461,0.515,,model,-3,-2,,,,,,,,0.008,false,192,48
2026-01-13,2026-01-14,10Y,1,source_original_daily_0629_algorithm,-1,0.5364961719395743,-1,true,D10Y,10Y04,10y_all_daily_ic_top200_lgbm_7sig,TB0YWI0C,full_action,,,,-1,-1,-1,0.5364961719395743,0.54,,model,-7,-8,,,,,,,,0.008,false,192,48
2026-01-14,2026-01-15,10Y,1,source_original_daily_0629_algorithm,-1,0.5603083413724448,0,false,D10Y,10Y04,10y_all_daily_ic_top200_lgbm_7sig,TB0YWI0C,full_action,,,,1,-1,-1,0.5603083413724448,0.48,,model,-5,-4,,,,,,,,0.008,false,192,48
2026-01-15,2026-01-16,10Y,1,source_original_daily_0629_algorithm,-1,0.5600634354477879,-1,true,D10Y,10Y04,10y_all_daily_ic_top200_lgbm_7sig,TB0YWI0C,full_action,,,,1,-1,-1,0.5600634354477879,0.54,,model,-5,-4,,,,,,,,0.008,false,192,48
2026-01-16,2026-01-19,10Y,1,source_original_daily_0629_algorithm,-1,0.5653100698996432,-1,true,D10Y,10Y04,10y_all_daily_ic_top200_lgbm_7sig,TB0YWI0C,full_action,,,,1,-1,-1,0.5653100698996432,0.54,,model,-5,-4,,,,,,,,0.008,false,192,48
2026-01-19,2026-01-20,10Y,1,source_original_daily_0629_algorithm,-1,0.538732883322873,-1,true,D10Y,10Y04,10y_all_daily_ic_top200_lgbm_7sig,TB0YWI0C,full_action,,,,1,-1,-1,0.538732883322873,0.38,,model,-7,-6,,,,,,,,0.008,false,192,48
2026-01-20,2026-01-21,10Y,1,source_original_daily_0629_algorithm,-1,0.5517296847795684,-1,true,D10Y,10Y04,10y_all_daily_ic_top200_lgbm_7sig,TB0YWI0C,full_action,,,,1,-1,-1,0.5517296847795684,0.44,,model,-7,-6,,,,,,,,0.008,false,192,48
2026-01-21,2026-01-22,10Y,1,source_original_daily_0629_algorithm,-1,0.5342514038892062,1,false,D10Y,10Y04,10y_all_daily_ic_top200_lgbm_7sig,TB0YWI0C,full_action,,,,1,-1,-1,0.5342514038892062,0.48,,model,-3,-2,,,,,,,,0.008,false,192,48
2026-01-22,2026-01-23,10Y,1,source_original_daily_0629_algorithm,-1,0.5346878898225867,-1,true,D10Y,10Y04,10y_all_daily_ic_top200_lgbm_7sig,TB0YWI0C,full_action,,,,1,-1,-1,0.5346878898225867,0.47,,model,-5,-4,,,,,,,,0.008,false,192,48
2026-01-23,2026-01-26,10Y,1,source_original_daily_0629_algorithm,-1,0.5873844997055528,-1,true,D10Y,10Y04,10y_all_daily_ic_top200_lgbm_7sig,TB0YWI0C,full_action,,,,1,-1,-1,0.5873844997055528,0.51,,model,-3,-2,,,,,,,,0.008,false,192,48
2026-01-26,2026-01-27,10Y,1,source_original_daily_0629_algorithm,-1,0.5672436576304514,1,false,D10Y,10Y04,10y_all_daily_ic_top200_lgbm_7sig,TB0YWI0C,full_action,,,,1,-1,-1,0.5672436576304514,0.545,,model,-3,-2,,,,,,,,0.008,false,192,48
2026-01-27,2026-01-28,10Y,1,source_original_daily_0629_algorithm,-1,0.5657843532921755,-1,true,D10Y,10Y04,10y_all_daily_ic_top200_lgbm_7sig,TB0YWI0C,full_action,,,,1,-1,-1,0.5657843532921755,0.505,,model,-3,-2,,,,,,,,0.008,false,192,48
2026-01-28,2026-01-29,10Y,1,source_original_daily_0629_algorithm,-1,0.5573587385157641,-1,true,D10Y,10Y04,10y_all_daily_ic_top200_lgbm_7sig,TB0YWI0C,full_action,,,,1,-1,-1,0.5573587385157641,0.535,,model,-3,-2,,,,,,,,0.008,false,192,48
2026-01-29,2026-01-30,10Y,1,source_original_daily_0629_algorithm,-1,0.5556457557339247,-1,true,D10Y,10Y04,10y_all_daily_ic_top200_lgbm_7sig,TB0YWI0C,full_action,,,,-1,-1,-1,0.5556457557339247,0.5800000000000001,,model,-3,-4,,,,,,,,0.008,false,192,48
2026-01-30,2026-02-02,10Y,1,source_original_daily_0629_algorithm,-1,0.5369248126069808,1,false,D10Y,10Y04,10y_all_daily_ic_top200_lgbm_7sig,TB0YWI0C,full_action,,,,1,-1,-1,0.5369248126069808,0.5,,model,-5,-4,,,,,,,,0.008,false,192,48
2026-02-02,2026-02-03,10Y,1,source_original_daily_0629_algorithm,-1,0.5509195638322325,-1,true,D10Y,10Y04,10y_all_daily_ic_top200_lgbm_7sig,TB0YWI0C,full_action,,,,-1,-1,-1,0.5509195638322325,0.565,,model,-3,-4,,,,,,,,0.008,false,192,48
2026-02-03,2026-02-04,10Y,1,source_original_daily_0629_algorithm,-1,0.5717592132697212,1,false,D10Y,10Y04,10y_all_daily_ic_top200_lgbm_7sig,TB0YWI0C,full_action,,,,1,-1,-1,0.5717592132697212,0.525,,model,-3,-2,,,,,,,,0.008,false,192,48
2026-02-04,2026-02-05,10Y,1,source_original_daily_0629_algorithm,-1,0.5258979396868003,-1,true,D10Y,10Y04,10y_all_daily_ic_top200_lgbm_7sig,TB0YWI0C,full_action,,,,-1,-1,-1,0.5258979396868003,0.5700000000000001,,model,-5,-6,,,,,,,,0.008,false,192,48
2026-02-05,2026-02-06,10Y,1,source_original_daily_0629_algorithm,-1,0.5571592854220482,-1,true,D10Y,10Y04,10y_all_daily_ic_top200_lgbm_7sig,TB0YWI0C,full_action,,,,-1,-1,-1,0.5571592854220482,0.565,,model,-5,-6,,,,,,,,0.008,false,192,48
2026-02-06,2026-02-09,10Y,1,source_original_daily_0629_algorithm,-1,0.5251905392179835,-1,true,D10Y,10Y04,10y_all_daily_ic_top200_lgbm_7sig,TB0YWI0C,full_action,,,,-1,-1,-1,0.5251905392179835,0.565,,model,-3,-4,,,,,,,,0.008,false,192,48
2026-02-09,2026-02-10,10Y,1,source_original_daily_0629_algorithm,-1,0.5670031347103718,-1,true,D10Y,10Y04,10y_all_daily_ic_top200_lgbm_7sig,TB0YWI0C,full_action,,,,-1,-1,-1,0.5670031347103718,0.5700000000000001,,model,-3,-4,,,,,,,,0.008,false,192,48
2026-02-10,2026-02-11,10Y,1,source_original_daily_0629_algorithm,-1,0.6009459439706452,-1,true,D10Y,10Y04,10y_all_daily_ic_top200_lgbm_7sig,TB0YWI0C,full_action,,,,-1,-1,-1,0.6009459439706452,0.605,,model,-3,-4,,,,,,,,0.008,false,192,48
2026-02-11,2026-02-12,10Y,1,source_original_daily_0629_algorithm,-1,0.5752759706721462,-1,true,D10Y,10Y04,10y_all_daily_ic_top200_lgbm_7sig,TB0YWI0C,full_action,,,,-1,-1,-1,0.5752759706721462,0.585,,model,-1,-2,,,,,,,,0.008,false,192,48
2026-02-12,2026-02-13,10Y,1,source_original_daily_0629_algorithm,-1,0.5940777323973438,1,false,D10Y,10Y04,10y_all_daily_ic_top200_lgbm_7sig,TB0YWI0C,full_action,,,,-1,-1,-1,0.5940777323973438,0.6,,model,-3,-4,,,,,,,,0.008,false,192,48
2026-02-13,2026-02-24,10Y,1,source_original_daily_0629_algorithm,-1,0.5643223200870731,1,false,D10Y,10Y04,10y_all_daily_ic_top200_lgbm_7sig,TB0YWI0C,full_action,,,,-1,-1,-1,0.5643223200870731,0.565,,model,-3,-4,,,,,,,,0.008,false,192,48
2026-02-24,2026-02-25,10Y,1,source_original_daily_0629_algorithm,-1,0.5641782680513013,1,false,D10Y,10Y04,10y_all_daily_ic_top200_lgbm_7sig,TB0YWI0C,full_action,,,,-1,-1,-1,0.5641782680513013,0.565,,model,-1,-2,,,,,,,,0.008,false,192,48
2026-02-25,2026-02-26,10Y,1,source_original_daily_0629_algorithm,-1,0.5641782680513013,1,false,D10Y,10Y04,10y_all_daily_ic_top200_lgbm_7sig,TB0YWI0C,full_action,,,,-1,-1,-1,0.5641782680513013,0.565,,model,-3,-4,,,,,,,,0.008,false,192,48
2026-02-26,2026-02-27,10Y,1,source_original_daily_0629_algorithm,-1,0.5897017263927365,-1,true,D10Y,10Y04,10y_all_daily_ic_top200_lgbm_7sig,TB0YWI0C,full_action,,,,-1,-1,-1,0.5897017263927365,0.59,,model,-5,-6,,,,,,,,0.008,false,192,48
2026-02-27,2026-03-02,10Y,1,source_original_daily_0629_algorithm,-1,0.5583615946279503,-1,true,D10Y,10Y04,10y_all_daily_ic_top200_lgbm_7sig,TB0YWI0C,full_action,,,,-1,-1,-1,0.5583615946279503,0.56,,model,-3,-4,,,,,,,,0.008,false,192,48
2026-03-02,2026-03-03,10Y,1,source_original_daily_0629_algorithm,-1,0.5636452016905257,1,false,D10Y,10Y04,10y_all_daily_ic_top200_lgbm_7sig,TB0YWI0C,full_action,,,,-1,-1,1,0.5636452016905257,0.565,,model,1,0,,,,,,,,0.008,true,192,48
2026-03-03,2026-03-04,10Y,1,source_original_daily_0629_algorithm,-1,0.5692689233720287,-1,true,D10Y,10Y04,10y_all_daily_ic_top200_lgbm_7sig,TB0YWI0C,full_action,,,,-1,-1,-1,0.5692689233720287,0.5700000000000001,,model,-5,-6,,,,,,,,0.008,false,192,48
2026-03-04,2026-03-05,10Y,1,source_original_daily_0629_algorithm,-1,0.5640273707544317,-1,true,D10Y,10Y04,10y_all_daily_ic_top200_lgbm_7sig,TB0YWI0C,full_action,,,,-1,-1,-1,0.5640273707544317,0.565,,model,-3,-4,,,,,,,,0.008,false,192,48
2026-03-05,2026-03-06,10Y,1,source_original_daily_0629_algorithm,-1,0.5637979078593967,1,false,D10Y,10Y04,10y_all_daily_ic_top200_lgbm_7sig,TB0YWI0C,full_action,,,,-1,-1,-1,0.5637979078593967,0.565,,model,-3,-4,,,,,,,,0.008,false,192,48
2026-03-06,2026-03-09,10Y,1,source_original_daily_0629_algorithm,-1,0.5637979078593967,1,false,D10Y,10Y04,10y_all_daily_ic_top200_lgbm_7sig,TB0YWI0C,full_action,,,,-1,-1,-1,0.5637979078593967,0.565,,model,-5,-6,,,,,,,,0.008,false,192,48
2026-03-09,2026-03-10,10Y,1,source_original_daily_0629_algorithm,-1,0.5608302771516565,-1,true,D10Y,10Y04,10y_all_daily_ic_top200_lgbm_7sig,TB0YWI0C,full_action,,,,-1,-1,-1,0.5608302771516565,0.565,,model,-5,-6,,,,,,,,0.008,false,192,48
2026-03-10,2026-03-11,10Y,1,source_original_daily_0629_algorithm,-1,0.5520624878141829,1,false,D10Y,10Y04,10y_all_daily_ic_top200_lgbm_7sig,TB0YWI0C,full_action,,,,-1,-1,-1,0.5520624878141829,0.56,,model,-1,-2,,,,,,,,0.008,false,192,48
2026-03-11,2026-03-12,10Y,1,source_original_daily_0629_algorithm,-1,0.5492443725388223,-1,true,D10Y,10Y04,10y_all_daily_ic_top200_lgbm_7sig,TB0YWI0C,full_action,,,,-1,-1,-1,0.5492443725388223,0.555,,model,-1,-2,,,,,,,,0.008,false,192,48
2026-03-12,2026-03-13,10Y,1,source_original_daily_0629_algorithm,-1,0.5534864049066943,1,false,D10Y,10Y04,10y_all_daily_ic_top200_lgbm_7sig,TB0YWI0C,full_action,,,,-1,-1,-1,0.5534864049066943,0.565,,model,-5,-6,,,,,,,,0.008,false,192,48
2026-03-13,2026-03-16,10Y,1,source_original_daily_0629_algorithm,-1,0.5953493169555512,1,false,D10Y,10Y04,10y_all_daily_ic_top200_lgbm_7sig,TB0YWI0C,full_action,,,,-1,-1,-1,0.5953493169555512,0.605,,model,-1,-2,,,,,,,,0.008,false,192,48
2026-03-16,2026-03-17,10Y,1,source_original_daily_0629_algorithm,-1,0.5526809504212076,-1,true,D10Y,10Y04,10y_all_daily_ic_top200_lgbm_7sig,TB0YWI0C,full_action,,,,-1,-1,-1,0.5526809504212076,0.565,,model,-3,-4,,,,,,,,0.008,false,192,48
2026-03-17,2026-03-18,10Y,1,source_original_daily_0629_algorithm,-1,0.5731101930453867,-1,true,D10Y,10Y04,10y_all_daily_ic_top200_lgbm_7sig,TB0YWI0C,full_action,,,,-1,-1,-1,0.5731101930453867,0.61,,model,-3,-4,,,,,,,,0.008,false,192,48
2026-03-18,2026-03-19,10Y,1,source_original_daily_0629_algorithm,1,0.6414936646267513,1,true,D10Y,10Y04,10y_all_daily_ic_top200_lgbm_7sig,TB0YWI0C,full_action,,,,1,1,1,0.6414936646267513,0.565,,model,-1,0,,,,,,,,0.008,false,192,48
2026-03-19,2026-03-20,10Y,1,source_original_daily_0629_algorithm,-1,0.5747402475435844,1,false,D10Y,10Y04,10y_all_daily_ic_top200_lgbm_7sig,TB0YWI0C,full_action,,,,1,-1,-1,0.5747402475435844,0.5700000000000001,,model,-5,-4,,,,,,,,0.008,false,192,48
2026-03-20,2026-03-23,10Y,1,source_original_daily_0629_algorithm,-1,0.5517575189741664,-1,true,D10Y,10Y04,10y_all_daily_ic_top200_lgbm_7sig,TB0YWI0C,full_action,,,,-1,-1,-1,0.5517575189741664,0.555,,model,-5,-6,,,,,,,,0.008,false,192,48
2026-03-23,2026-03-24,10Y,1,source_original_daily_0629_algorithm,-1,0.642646388546262,-1,true,D10Y,10Y04,10y_all_daily_ic_top200_lgbm_7sig,TB0YWI0C,full_action,,,,1,-1,-1,0.642646388546262,0.59,,model,-5,-4,,,,,,,,0.008,false,192,48
2026-03-24,2026-03-25,10Y,1,source_original_daily_0629_algorithm,-1,0.5548708550264054,-1,true,D10Y,10Y04,10y_all_daily_ic_top200_lgbm_7sig,TB0YWI0C,full_action,,,,-1,-1,-1,0.5548708550264054,0.555,,model,-5,-6,,,,,,,,0.008,false,192,48
2026-03-25,2026-03-26,10Y,1,source_original_daily_0629_algorithm,-1,0.5545094694787879,-1,true,D10Y,10Y04,10y_all_daily_ic_top200_lgbm_7sig,TB0YWI0C,full_action,,,,-1,-1,-1,0.5545094694787879,0.555,,model,-1,-2,,,,,,,,0.008,false,192,48
2026-03-26,2026-03-27,10Y,1,source_original_daily_0629_algorithm,-1,0.5553327491668878,-1,true,D10Y,10Y04,10y_all_daily_ic_top200_lgbm_7sig,TB0YWI0C,full_action,,,,-1,-1,-1,0.5553327491668878,0.56,,model,-3,-4,,,,,,,,0.008,false,192,48
2026-03-27,2026-03-30,10Y,1,source_original_daily_0629_algorithm,-1,0.5545094694787879,-1,true,D10Y,10Y04,10y_all_daily_ic_top200_lgbm_7sig,TB0YWI0C,full_action,,,,-1,-1,-1,0.5545094694787879,0.555,,model,-3,-4,,,,,,,,0.008,false,192,48
2026-03-30,2026-03-31,10Y,1,source_original_daily_0629_algorithm,-1,0.5493728665645369,1,false,D10Y,10Y04,10y_all_daily_ic_top200_lgbm_7sig,TB0YWI0C,full_action,,,,-1,-1,-1,0.5493728665645369,0.55,,model,-7,-8,,,,,,,,0.008,false,192,48
2026-03-31,2026-04-01,10Y,1,source_original_daily_0629_algorithm,-1,0.548867231973678,1,false,D10Y,10Y04,10y_all_daily_ic_top200_lgbm_7sig,TB0YWI0C,full_action,,,,-1,-1,-1,0.548867231973678,0.55,,model,-5,-6,,,,,,,,0.008,false,192,48
2026-04-01,2026-04-02,10Y,1,source_original_daily_0629_algorithm,-1,0.5441100701426607,-1,true,D10Y,10Y04,10y_all_daily_ic_top200_lgbm_7sig,TB0YWI0C,full_action,,,,-1,-1,-1,0.5441100701426607,0.545,,model,-5,-6,,,,,,,,0.008,false,192,48
2026-04-02,2026-04-03,10Y,1,source_original_daily_0629_algorithm,-1,0.5451064284809983,-1,true,D10Y,10Y04,10y_all_daily_ic_top200_lgbm_7sig,TB0YWI0C,full_action,,,,-1,-1,-1,0.5451064284809983,0.55,,model,-3,-4,,,,,,,,0.008,false,192,48
2026-04-03,2026-04-07,10Y,1,source_original_daily_0629_algorithm,-1,0.5430605897278893,-1,true,D10Y,10Y04,10y_all_daily_ic_top200_lgbm_7sig,TB0YWI0C,full_action,,,,-1,-1,-1,0.5430605897278893,0.55,,model,-5,-6,,,,,,,,0.008,false,192,48
2026-04-07,2026-04-08,10Y,1,source_original_daily_0629_algorithm,-1,0.5438017304723951,-1,true,D10Y,10Y04,10y_all_daily_ic_top200_lgbm_7sig,TB0YWI0C,full_action,,,,-1,-1,-1,0.5438017304723951,0.545,,model,-5,-6,,,,,,,,0.008,false,192,48
2026-04-08,2026-04-09,10Y,1,source_original_daily_0629_algorithm,-1,0.5378470809379227,1,false,D10Y,10Y04,10y_all_daily_ic_top200_lgbm_7sig,TB0YWI0C,full_action,,,,-1,-1,-1,0.5378470809379227,0.545,,model,-7,-8,,,,,,,,0.008,false,192,48
2026-04-09,2026-04-10,10Y,1,source_original_daily_0629_algorithm,-1,0.5689019187053805,-1,true,D10Y,10Y04,10y_all_daily_ic_top200_lgbm_7sig,TB0YWI0C,full_action,,,,-1,-1,-1,0.5689019187053805,0.5700000000000001,,model,-3,-4,,,,,,,,0.008,false,192,48
2026-04-10,2026-04-13,10Y,1,source_original_daily_0629_algorithm,-1,0.5262870647293296,-1,true,D10Y,10Y04,10y_all_daily_ic_top200_lgbm_7sig,TB0YWI0C,full_action,,,,-1,-1,-1,0.5262870647293296,0.54,,model,-3,-4,,,,,,,,0.008,false,192,48
2026-04-13,2026-04-14,10Y,1,source_original_daily_0629_algorithm,-1,0.526767387280226,-1,true,D10Y,10Y04,10y_all_daily_ic_top200_lgbm_7sig,TB0YWI0C,full_action,,,,-1,-1,-1,0.526767387280226,0.53,,model,-5,-6,,,,,,,,0.008,false,192,48
2026-04-14,2026-04-15,10Y,1,source_original_daily_0629_algorithm,-1,0.5548704855315334,-1,true,D10Y,10Y04,10y_all_daily_ic_top200_lgbm_7sig,TB0YWI0C,full_action,,,,1,-1,-1,0.5548704855315334,0.55,,model,-7,-6,,,,,,,,0.008,false,192,48
2026-04-15,2026-04-16,10Y,1,source_original_daily_0629_algorithm,-1,0.4730625897523528,0,false,D10Y,10Y04,10y_all_daily_ic_top200_lgbm_7sig,TB0YWI0C,full_action,,,,-1,-1,-1,0.4730625897523528,0.55,,model,-7,-8,,,,,,,,0.008,false,192,48
2026-04-16,2026-04-17,10Y,1,source_original_daily_0629_algorithm,-1,0.5302008780033642,-1,true,D10Y,10Y04,10y_all_daily_ic_top200_lgbm_7sig,TB0YWI0C,full_action,,,,-1,-1,-1,0.5302008780033642,0.535,,model,-5,-6,,,,,,,,0.008,false,192,48
2026-04-17,2026-04-20,10Y,1,source_original_daily_0629_algorithm,-1,0.5370512461211906,-1,true,D10Y,10Y04,10y_all_daily_ic_top200_lgbm_7sig,TB0YWI0C,full_action,,,,1,-1,-1,0.5370512461211906,0.535,,model,-5,-4,,,,,,,,0.008,false,192,48
2026-04-20,2026-04-21,10Y,1,source_original_daily_0629_algorithm,-1,0.511667702529857,-1,true,D10Y,10Y04,10y_all_daily_ic_top200_lgbm_7sig,TB0YWI0C,full_action,,,,-1,-1,-1,0.511667702529857,0.525,,model,-3,-4,,,,,,,,0.008,false,192,48
2026-04-21,2026-04-22,10Y,1,source_original_daily_0629_algorithm,-1,0.47486443081072605,-1,true,D10Y,10Y04,10y_all_daily_ic_top200_lgbm_7sig,TB0YWI0C,full_action,,,,-1,-1,-1,0.47486443081072605,0.495,,model,-5,-6,,,,,,,,0.008,false,192,48
2026-04-22,2026-04-23,10Y,1,source_original_daily_0629_algorithm,-1,0.5710090356240775,1,false,D10Y,10Y04,10y_all_daily_ic_top200_lgbm_7sig,TB0YWI0C,full_action,,,,-1,-1,-1,0.5710090356240775,0.5800000000000001,,model,-1,-2,,,,,,,,0.008,false,192,48
2026-04-23,2026-04-24,10Y,1,source_original_daily_0629_algorithm,-1,0.5199456692437879,1,false,D10Y,10Y04,10y_all_daily_ic_top200_lgbm_7sig,TB0YWI0C,full_action,,,,-1,-1,-1,0.5199456692437879,0.52,,model,-1,-2,,,,,,,,0.008,false,192,48
2026-04-24,2026-04-27,10Y,1,source_original_daily_0629_algorithm,-1,0.5030721725027976,1,false,D10Y,10Y04,10y_all_daily_ic_top200_lgbm_7sig,TB0YWI0C,full_action,,,,-1,-1,-1,0.5030721725027976,0.515,,model,-3,-4,,,,,,,,0.008,false,192,48
2026-04-27,2026-04-28,10Y,1,source_original_daily_0629_algorithm,-1,0.5266138883076155,-1,true,D10Y,10Y04,10y_all_daily_ic_top200_lgbm_7sig,TB0YWI0C,full_action,,,,-1,-1,-1,0.5266138883076155,0.53,,model,-3,-4,,,,,,,,0.008,false,192,48
2026-04-28,2026-04-29,10Y,1,source_original_daily_0629_algorithm,1,0.5030434459127,-1,false,D10Y,10Y04,10y_all_daily_ic_top200_lgbm_7sig,TB0YWI0C,full_action,,,,-1,1,1,0.5030434459127,0.525,,model,1,0,,,,,,,,0.008,false,192,48
2026-04-29,2026-04-30,10Y,1,source_original_daily_0629_algorithm,1,0.3895199852539151,1,true,D10Y,10Y04,10y_all_daily_ic_top200_lgbm_7sig,TB0YWI0C,full_action,,,,-1,1,1,0.3895199852539151,0.545,,model,1,0,,,,,,,,0.008,false,192,48
2026-04-30,2026-05-06,10Y,1,source_original_daily_0629_algorithm,-1,0.3936066803253186,1,false,D10Y,10Y04,10y_all_daily_ic_top200_lgbm_7sig,TB0YWI0C,full_action,,,,-1,-1,-1,0.3936066803253186,0.525,,model,-3,-4,,,,,,,,0.008,false,192,48
2026-05-06,2026-05-07,10Y,1,source_original_daily_0629_algorithm,-1,0.4338885022151473,-1,true,D10Y,10Y04,10y_all_daily_ic_top200_lgbm_7sig,TB0YWI0C,full_action,,,,-1,-1,-1,0.4338885022151473,0.475,,model,-1,-2,,,,,,,,0.008,false,192,48
2026-05-07,2026-05-08,10Y,1,source_original_daily_0629_algorithm,-1,0.4040308864433848,1,false,D10Y,10Y04,10y_all_daily_ic_top200_lgbm_7sig,TB0YWI0C,full_action,,,,-1,-1,-1,0.4040308864433848,0.47,,model,-1,-2,,,,,,,,0.008,false,192,48
2026-05-08,2026-05-11,10Y,1,source_original_daily_0629_algorithm,1,0.48949449301760534,-1,false,D10Y,10Y04,10y_all_daily_ic_top200_lgbm_7sig,TB0YWI0C,full_action,,,,-1,1,1,0.48949449301760534,0.5,,model,1,0,,,,,,,,0.008,false,192,48
2026-05-11,2026-05-12,10Y,1,source_original_daily_0629_algorithm,-1,0.47355918314876655,-1,true,D10Y,10Y04,10y_all_daily_ic_top200_lgbm_7sig,TB0YWI0C,full_action,,,,-1,-1,-1,0.47355918314876655,0.495,,model,-3,-4,,,,,,,,0.008,false,192,48
2026-05-12,2026-05-13,10Y,1,source_original_daily_0629_algorithm,-1,0.483884865893466,-1,true,D10Y,10Y04,10y_all_daily_ic_top200_lgbm_7sig,TB0YWI0C,full_action,,,,-1,-1,-1,0.483884865893466,0.515,,model,-1,-2,,,,,,,,0.008,false,192,48
2026-05-13,2026-05-14,10Y,1,source_original_daily_0629_algorithm,-1,0.5260416666666666,1,false,D10Y,10Y04,10y_all_daily_ic_top200_lgbm_7sig,TB0YWI0C,full_action,,,,-1,-1,1,0.5260416666666666,0.53,,model,1,0,,,,,,,,0.008,true,192,48
2026-05-14,2026-05-15,10Y,1,source_original_daily_0629_algorithm,1,0.5151729241529173,1,true,D10Y,10Y04,10y_all_daily_ic_top200_lgbm_7sig,TB0YWI0C,full_action,,,,-1,1,1,0.5151729241529173,0.53,,model,1,0,,,,,,,,0.008,false,192,48
2026-05-15,2026-05-18,10Y,1,source_original_daily_0629_algorithm,1,0.49980615182438776,-1,false,D10Y,10Y04,10y_all_daily_ic_top200_lgbm_7sig,TB0YWI0C,full_action,,,,-1,1,1,0.49980615182438776,0.52,,model,1,0,,,,,,,,0.008,false,192,48
2026-05-18,2026-05-19,10Y,1,source_original_daily_0629_algorithm,-1,0.5260416666666666,-1,true,D10Y,10Y04,10y_all_daily_ic_top200_lgbm_7sig,TB0YWI0C,full_action,,,,-1,-1,1,0.5260416666666666,0.53,,model,1,0,,,,,,,,0.008,true,192,48
2026-05-19,2026-05-20,10Y,1,source_original_daily_0629_algorithm,1,0.48277802341756504,1,true,D10Y,10Y04,10y_all_daily_ic_top200_lgbm_7sig,TB0YWI0C,full_action,,,,-1,1,1,0.48277802341756504,0.535,,model,1,0,,,,,,,,0.008,false,192,48
2026-05-20,2026-05-21,10Y,1,source_original_daily_0629_algorithm,1,0.46682286261883954,1,true,D10Y,10Y04,10y_all_daily_ic_top200_lgbm_7sig,TB0YWI0C,full_action,,,,-1,1,1,0.46682286261883954,0.505,,model,1,0,,,,,,,,0.008,false,192,48
2026-05-21,2026-05-22,10Y,1,source_original_daily_0629_algorithm,1,0.5199267494794677,1,true,D10Y,10Y04,10y_all_daily_ic_top200_lgbm_7sig,TB0YWI0C,full_action,,,,-1,1,1,0.5199267494794677,0.52,,model,3,2,,,,,,,,0.008,false,192,48
2026-05-22,2026-05-25,10Y,1,source_original_daily_0629_algorithm,1,0.5204410282101817,0,false,D10Y,10Y04,10y_all_daily_ic_top200_lgbm_7sig,TB0YWI0C,full_action,,,,-1,1,1,0.5204410282101817,0.525,,model,5,4,,,,,,,,0.008,false,192,48
2026-05-25,2026-05-26,10Y,1,source_original_daily_0629_algorithm,1,0.5147663893527978,-1,false,D10Y,10Y04,10y_all_daily_ic_top200_lgbm_7sig,TB0YWI0C,full_action,,,,-1,1,1,0.5147663893527978,0.515,,model,3,2,,,,,,,,0.008,false,192,48
2026-05-26,2026-05-27,10Y,1,source_original_daily_0629_algorithm,1,0.5147663893527978,-1,false,D10Y,10Y04,10y_all_daily_ic_top200_lgbm_7sig,TB0YWI0C,full_action,,,,-1,1,1,0.5147663893527978,0.515,,model,5,4,,,,,,,,0.008,false,192,48
2026-05-27,2026-05-28,10Y,1,source_original_daily_0629_algorithm,-1,0.5202305472477025,-1,true,D10Y,10Y04,10y_all_daily_ic_top200_lgbm_7sig,TB0YWI0C,full_action,,,,-1,-1,-1,0.5202305472477025,0.53,,model,-1,-2,,,,,,,,0.008,false,192,48
2026-05-28,2026-05-29,10Y,1,source_original_daily_0629_algorithm,-1,0.5217584496175631,-1,true,D10Y,10Y04,10y_all_daily_ic_top200_lgbm_7sig,TB0YWI0C,full_action,,,,-1,-1,-1,0.5217584496175631,0.525,,model,-1,-2,,,,,,,,0.008,false,192,48
