indicators_code,frequency,factor_version
S0031525,daily,V1.0
S5111905,daily,V1.0
S0031553,daily,V1.0
M0000199,daily,V1.0
G0006954,daily,V1.0
G0925982,daily,V1.0
K7780920,daily,V1.0
G0006352,daily,V1.0
G0006353,daily,V1.0
G0266632,daily,V1.0
G0266641,daily,V1.0
G0003892,daily,V1.0
S0031550,daily,V1.0
S6404620,daily,V1.0
S6410512,daily,V1.0
G0001665,daily,V1.0
N6784178,daily,V1.0
DRS00001,daily,V1.0
DRS00002,daily,V1.0
SWR00001,daily,V1.0
SWR00002,daily,V1.0
SWR00003,daily,V1.0
SWM00001,daily,V1.0
SWM00002,daily,V1.0
SWM00003,daily,V1.0
SWM00004,daily,V1.0
SWM00005,daily,V1.0
SWM00006,daily,V1.0
SWM00007,daily,V1.0
SWD00001,daily,V1.0
SWD00002,daily,V1.0
SWD00003,daily,V1.0
SWR00004,daily,V1.0
SWR00005,daily,V1.0
SWR00006,daily,V1.0
SWR00007,daily,V1.0
SWR00008,daily,V1.0
SWS00001,daily,V1.0
SWM00008,daily,V1.0
SWM00009,daily,V1.0
SWM00010,daily,V1.0
SWM00011,daily,V1.0
SWM00012,daily,V1.0
SWM00013,daily,V1.0
SWD00004,daily,V1.0
SWD00005,daily,V1.0
SWD00006,daily,V1.0
SWD00007,daily,V1.0
SWD00008,daily,V1.0
SWD00009,daily,V1.0
SWM00014,daily,V1.0
SWM00015,daily,V1.0
SWM00016,daily,V1.0
SWD00010,daily,V1.0
SWD00011,daily,V1.0
SWD00012,daily,V1.0
SWD00013,daily,V1.0
G0003956,daily,V1.0
B2559386,daily,V1.0
M0000005,daily,V1.0
M0000271,daily,V1.0
P0602235,daily,V1.0
GCCMX01H,daily,V1.0
GCCMX01O,daily,V1.0
GCCMX01L,daily,V1.0
GCCMX01C,daily,V1.0
SICMX01H,daily,V1.0
SICMX01O,daily,V1.0
SICMX01L,daily,V1.0
SICMX01C,daily,V1.0
CLNYM01H,daily,V1.0
CLNYM01O,daily,V1.0
CLNYM01L,daily,V1.0
CLNYM01C,daily,V1.0
SICMX01S,daily,V1.0
PCUKO01S,daily,V1.0
A0SHF01C,daily,V1.0
DEA10Y0D,daily,V1.0
TB0YWIPC,daily,V1.0
TB1YWI00,daily,V1.0
TB1YWI0C,daily,V1.0
TB1YWI0H,daily,V1.0
TB1YWI0L,daily,V1.0
DEA1Y00D,daily,V1.0
TB1YWI0V,daily,V1.0
TB1YWI0W,daily,V1.0
TB1YWIPC,daily,V1.0
TB5YWI00,daily,V1.0
TB5YWI0C,daily,V1.0
DEA5Y00D,daily,V1.0
TB5YWI0H,daily,V1.0
TB5YWI0L,daily,V1.0
TB5YWI0V,daily,V1.0
TB5YWI0W,daily,V1.0
TB5YWIPC,daily,V1.0
TCFE0000,daily,V1.0
DIF10Y0D,daily,V1.0
TCFE000A,daily,V1.0
TCFE000C,daily,V1.0
TCFE000H,daily,V1.0
TCFE000I,daily,V1.0
TCFE000K,daily,V1.0
TCFE000L,daily,V1.0
TCFE000S,daily,V1.0
TCFE000V,daily,V1.0
DIF1Y00D,daily,V1.0
TCFE00BV,daily,V1.0
TCFE00VR,daily,V1.0
TCFE01WR,daily,V1.0
ATR5Y00D,daily,V1.0
DIF5Y00D,daily,V1.0
TCFE0KDJ,daily,V1.0
TCFE0MA4,daily,V1.0
TCFE0MA8,daily,V1.0
TFCFE001,daily,V1.0
TFCFE002,daily,V1.0
TFCFE003,daily,V1.0
TLCFE001,daily,V1.0
TLCFE002,daily,V1.0
TMAR2101,daily,V1.0
TP630001,daily,V1.0
TSCFE001,daily,V1.0
TSCFE002,daily,V1.0
TSCFE003,daily,V1.0
USDCNH00,daily,V1.0
USDCNH0C,daily,V1.0
USDCNH0H,daily,V1.0
USDCNH0L,daily,V1.0
V6615156,daily,V1.0
WRSHF00C,daily,V1.0
X2879873,daily,V1.0
Z0164070,daily,V1.0
ZNSHF00C,daily,V1.0
DR007IB0,daily,V1.0
DR007IBC,daily,V1.0
DR007IBH,daily,V1.0
DR007IBL,daily,V1.0
DS000001,daily,V1.0
DS000002,daily,V1.0
ATRH10YD,daily,V1.0
DT000001,daily,V1.0
EMA120YD,daily,V1.0
EMA121YD,daily,V1.0
M0041653,daily,V1.0
EMA125YD,daily,V1.0
90000001,daily,V1.0
90000002,daily,V1.0
90000003,daily,V1.0
90000004,daily,V1.0
90000007,daily,V1.0
90000008,daily,V1.0
90000009,daily,V1.0
90000010,daily,V1.0
M1001816,daily,V1.0
M0048486,daily,V1.0
M0330172,daily,V1.0
90000011,daily,V1.0
90000012,daily,V1.0
90000013,daily,V1.0
90000014,daily,V1.0
M0017152,daily,V1.0
M1001794,daily,V1.0
EMA260YD,daily,V1.0
M0329501,daily,V1.0
M0329505,daily,V1.0
M0075990,daily,V1.0
M0331251,daily,V1.0
L2573422,daily,V1.0
90000016,daily,V1.0
90000017,daily,V1.0
90000018,daily,V1.0
90000019,daily,V1.0
90000020,daily,V1.0
N0105001,daily,V1.0
N0107001,daily,V1.0
N0108001,daily,V1.0
N0109001,daily,V1.0
N0110001,daily,V1.0
N0111001,daily,V1.0
N0112001,daily,V1.0
N0113001,daily,V1.0
N0205001,daily,V1.0
N0207001,daily,V1.0
EMA261YD,daily,V1.0
N0208001,daily,V1.0
N0209001,daily,V1.0
N0210001,daily,V1.0
N0211001,daily,V1.0
N0212001,daily,V1.0
N0213001,daily,V1.0
N0305001,daily,V1.0
N0307001,daily,V1.0
N0308001,daily,V1.0
N0309001,daily,V1.0
N0310001,daily,V1.0
N0401001,daily,V1.0
N0402001,daily,V1.0
N0403001,daily,V1.0
N0404001,daily,V1.0
N0405001,daily,V1.0
N0505001,daily,V1.0
N0508001,daily,V1.0
N0510001,daily,V1.0
N0605001,daily,V1.0
EMA265YD,daily,V1.0
N0607001,daily,V1.0
N0608001,daily,V1.0
N0609001,daily,V1.0
N0610001,daily,V1.0
N0705001,daily,V1.0
N0707001,daily,V1.0
N0708001,daily,V1.0
N0709001,daily,V1.0
N0710001,daily,V1.0
N0805001,daily,V1.0
N0807001,daily,V1.0
N0808001,daily,V1.0
N0809001,daily,V1.0
N0810001,daily,V1.0
N0811001,daily,V1.0
N0812001,daily,V1.0
N0813001,daily,V1.0
N0905001,daily,V1.0
N0907001,daily,V1.0
N0908001,daily,V1.0
F0595897,daily,V1.0
ATRH1Y0D,daily,V1.0
N0909001,daily,V1.0
N0910001,daily,V1.0
N1105001,daily,V1.0
N1108001,daily,V1.0
N1110001,daily,V1.0
N1205001,daily,V1.0
N1208001,daily,V1.0
F3117461,daily,V1.0
N1210001,daily,V1.0
N1305001,daily,V1.0
N1307001,daily,V1.0
N1308001,daily,V1.0
N1309001,daily,V1.0
N1310001,daily,V1.0
N1405001,daily,V1.0
N1407001,daily,V1.0
N1408001,daily,V1.0
N1409001,daily,V1.0
FM500001,daily,V1.0
N1410001,daily,V1.0
N1505001,daily,V1.0
N1508001,daily,V1.0
N1510001,daily,V1.0
N1605001,daily,V1.0
N1608001,daily,V1.0
N1610001,daily,V1.0
FS000001,daily,V1.0
N1805001,daily,V1.0
N1807001,daily,V1.0
N1808001,daily,V1.0
N1809001,daily,V1.0
N1810001,daily,V1.0
N1811001,daily,V1.0
N1812001,daily,V1.0
N1905001,daily,V1.0
N1907001,daily,V1.0
G0000883,daily,V1.0
N1908001,daily,V1.0
N1909001,daily,V1.0
N1910001,daily,V1.0
N2005001,daily,V1.0
N2007001,daily,V1.0
N2008001,daily,V1.0
N2009001,daily,V1.0
N2010001,daily,V1.0
N2101001,daily,V1.0
N2102001,daily,V1.0
G0000884,daily,V1.0
N2103001,daily,V1.0
N2104001,daily,V1.0
N2105001,daily,V1.0
N2405001,daily,V1.0
G0000886,daily,V1.0
N2407001,daily,V1.0
N2408001,daily,V1.0
N2409001,daily,V1.0
N2410001,daily,V1.0
N2505001,daily,V1.0
N2507001,daily,V1.0
N2508001,daily,V1.0
N2509001,daily,V1.0
N2510001,daily,V1.0
N2605001,daily,V1.0
G0000887,daily,V1.0
N2607001,daily,V1.0
N2608001,daily,V1.0
N2609001,daily,V1.0
N2610001,daily,V1.0
N2705001,daily,V1.0
N2707001,daily,V1.0
N2708001,daily,V1.0
N2709001,daily,V1.0
N2710001,daily,V1.0
N2805001,daily,V1.0
G0000888,daily,V1.0
N2807001,daily,V1.0
N2808001,daily,V1.0
N2809001,daily,V1.0
N2810001,daily,V1.0
N2905001,daily,V1.0
N2907001,daily,V1.0
G0000889,daily,V1.0
G0000890,daily,V1.0
G0000891,daily,V1.0
G0000893,daily,V1.0
G0001672,daily,V1.0
G0001673,daily,V1.0
G0001677,daily,V1.0
G0005428,daily,V1.0
ATRH5Y0D,daily,V1.0
TB3YWI0C,daily,V1.0
TB7YWI0C,daily,V1.0
AUSHF00O,daily,V1.0
IFCFE00C,daily,V1.0
IFCFE00O,daily,V1.0
G1147399,daily,V1.0
G1235664,daily,V1.0
GCCMX01S,daily,V1.0
H6880723,daily,V1.0
AUSHF00C,daily,V1.0
H8357500,daily,V1.0
HCSHF01C,daily,V1.0
IDCE001C,daily,V1.0
J10Y000D,daily,V1.0
J1547601,daily,V1.0
J1Y0000D,daily,V1.0
J5Y0000D,daily,V1.0
A4087688,daily,V1.0
AUUIDC0C,daily,V1.0
J9760873,daily,V1.0
JDCE001C,daily,V1.0
JE10Y00D,daily,V1.0
JE1Y000D,daily,V1.0
JE5Y000D,daily,V1.0
JMDCE01C,daily,V1.0
K10Y000D,daily,V1.0
K1Y0000D,daily,V1.0
K5Y0000D,daily,V1.0
KDJ010YD,daily,V1.0
BBI10Y0D,daily,V1.0
KDJ01Y0D,daily,V1.0
KDJ05Y0D,daily,V1.0
L8410484,daily,V1.0
M0000185,daily,V1.0
BBI1Y00D,daily,V1.0
M0017138,daily,V1.0
M0017139,daily,V1.0
M0017141,daily,V1.0
M0017142,daily,V1.0
M0017145,daily,V1.0
M0017153,daily,V1.0
M0020188,daily,V1.0
M0020195,daily,V1.0
M0020202,daily,V1.0
M0020209,daily,V1.0
M0020216,daily,V1.0
M0020223,daily,V1.0
M0020251,daily,V1.0
BBI5Y00D,daily,V1.0
M0041371,daily,V1.0
M0041372,daily,V1.0
M0041739,daily,V1.0
M0048432,daily,V1.0
M0048435,daily,V1.0
M0048437,daily,V1.0
BBIB10YD,daily,V1.0
M0062531,daily,V1.0
M0062541,daily,V1.0
M0067855,daily,V1.0
M0068008,daily,V1.0
M0100612,daily,V1.0
M0101227,daily,V1.0
BBIB1Y0D,daily,V1.0
M0101385,daily,V1.0
M0109973,daily,V1.0
M0117126,daily,V1.0
M0143821,daily,V1.0
M0161518,daily,V1.0
BBIB5Y0D,daily,V1.0
BIAS10YD,daily,V1.0
M0290205,daily,V1.0
BIAS1Y0D,daily,V1.0
M0331438,daily,V1.0
M0331439,daily,V1.0
M0331440,daily,V1.0
M0331441,daily,V1.0
M0331442,daily,V1.0
M0331443,daily,V1.0
M0331444,daily,V1.0
M0332208,daily,V1.0
M0342074,daily,V1.0
BIAS5Y0D,daily,V1.0
M0417126,daily,V1.0
M0717126,daily,V1.0
M1000047,daily,V1.0
M1000051,daily,V1.0
M1000170,daily,V1.0
M1001646,daily,V1.0
M1001650,daily,V1.0
M1001654,daily,V1.0
M1001657,daily,V1.0
M1004260,daily,V1.0
M1004263,daily,V1.0
M1004264,daily,V1.0
M1004265,daily,V1.0
M1004267,daily,V1.0
AGSHF01C,daily,V1.0
BIASB0YD,daily,V1.0
M1004269,daily,V1.0
M1004271,daily,V1.0
M1004272,daily,V1.0
M1004273,daily,V1.0
M1004274,daily,V1.0
M1004275,daily,V1.0
M1004533,daily,V1.0
M1004552,daily,V1.0
M1004556,daily,V1.0
M1004902,daily,V1.0
M1004916,daily,V1.0
M1005177,daily,V1.0
M1005182,daily,V1.0
M1006336,daily,V1.0
M1006337,daily,V1.0
M1007666,daily,V1.0
M1007670,daily,V1.0
M1007675,daily,V1.0
M1007711,daily,V1.0
BIASB1YD,daily,V1.0
M1329545,daily,V1.0
M1341115,daily,V1.0
M1525763,daily,V1.0
BIASB5YD,daily,V1.0
M5216731,daily,V1.0
MACD10YD,daily,V1.0
MACD1Y0D,daily,V1.0
MACD5Y0D,daily,V1.0
MACDC0YD,daily,V1.0
MACDC1YD,daily,V1.0
MACDC5YD,daily,V1.0
MACDD0YD,daily,V1.0
MACDD1YD,daily,V1.0
MACDD5YD,daily,V1.0
MACDG0YD,daily,V1.0
MACDG1YD,daily,V1.0
MACDG5YD,daily,V1.0
N2691645,daily,V1.0
NISHF01C,daily,V1.0
O5234559,daily,V1.0
P2562056,daily,V1.0
P2995878,daily,V1.0
PBSHF01C,daily,V1.0
RBSHF01C,daily,V1.0
RSI010YD,daily,V1.0
RSI01Y0D,daily,V1.0
RSI05Y0D,daily,V1.0
RSI10Y0D,daily,V1.0
RSI1Y00D,daily,V1.0
RSI5Y00D,daily,V1.0
AGUIDC0C,daily,V1.0
RSI710YD,daily,V1.0
RSI71Y0D,daily,V1.0
RSI75Y0D,daily,V1.0
RSIB10YD,daily,V1.0
RSIB1Y0D,daily,V1.0
CCI10Y0D,daily,V1.0
RSIB5Y0D,daily,V1.0
RSV10Y0D,daily,V1.0
RSV1Y00D,daily,V1.0
RSV5Y00D,daily,V1.0
S0029752,daily,V1.0
S0029756,daily,V1.0
S0029760,daily,V1.0
S0029764,daily,V1.0
S0029768,daily,V1.0
CCI1Y00D,daily,V1.0
S0029772,daily,V1.0
S0031645,daily,V1.0
S0048259,daily,V1.0
S0048261,daily,V1.0
S0048274,daily,V1.0
S0048276,daily,V1.0
S0059736,daily,V1.0
S0059739,daily,V1.0
S0059741,daily,V1.0
S0059742,daily,V1.0
S0059744,daily,V1.0
S0059745,daily,V1.0
S0059746,daily,V1.0
S0059747,daily,V1.0
S0059748,daily,V1.0
S0059749,daily,V1.0
S0059750,daily,V1.0
S0059751,daily,V1.0
S0059752,daily,V1.0
CCI5Y00D,daily,V1.0
S0059761,daily,V1.0
S0059762,daily,V1.0
S0059763,daily,V1.0
S0059764,daily,V1.0
S0059765,daily,V1.0
S0059766,daily,V1.0
S0059767,daily,V1.0
S0059768,daily,V1.0
S0059769,daily,V1.0
S0059771,daily,V1.0
S0059772,daily,V1.0
S0059773,daily,V1.0
S0059774,daily,V1.0
S0059775,daily,V1.0
S0059776,daily,V1.0
S0059777,daily,V1.0
S0059778,daily,V1.0
S0059779,daily,V1.0
S0059833,daily,V1.0
S0059836,daily,V1.0
CCIT10YD,daily,V1.0
S0059838,daily,V1.0
S0069669,daily,V1.0
S0069670,daily,V1.0
S0105896,daily,V1.0
S0105897,daily,V1.0
S0106912,daily,V1.0
CCIT1Y0D,daily,V1.0
S0142908,daily,V1.0
S0142909,daily,V1.0
S0167430,daily,V1.0
ALSHF01C,daily,V1.0
S0203228,daily,V1.0
S0203230,daily,V1.0
S0203233,daily,V1.0
CCIT5Y0D,daily,V1.0
S0260036,daily,V1.0
S1179664,daily,V1.0
S1180497,daily,V1.0
S2707331,daily,V1.0
CLNYM01S,daily,V1.0
S2707332,daily,V1.0
S2707333,daily,V1.0
S2707334,daily,V1.0
S2707337,daily,V1.0
S2707338,daily,V1.0
S2707339,daily,V1.0
S2707340,daily,V1.0
S2707341,daily,V1.0
S2707342,daily,V1.0
S2707379,daily,V1.0
CM210001,daily,V1.0
S2707380,daily,V1.0
S2707381,daily,V1.0
S2707382,daily,V1.0
S2707383,daily,V1.0
S2707384,daily,V1.0
S2707385,daily,V1.0
S2707386,daily,V1.0
CM210002,daily,V1.0
CM210003,daily,V1.0
CP126001,daily,V1.0
S5005793,daily,V1.0
S5005830,daily,V1.0
S5005835,daily,V1.0
S5005865,daily,V1.0
S5005883,daily,V1.0
S5005958,daily,V1.0
CP126002,daily,V1.0
S5005984,daily,V1.0
S5006004,daily,V1.0
S5006011,daily,V1.0
S5022128,daily,V1.0
CP126003,daily,V1.0
S5120155,daily,V1.0
ATR10Y0D,daily,V1.0
CSI26901,daily,V1.0
S5416996,daily,V1.0
S5431473,daily,V1.0
S5431564,daily,V1.0
S5439944,daily,V1.0
CSI39501,daily,V1.0
S5443778,daily,V1.0
S5446170,daily,V1.0
S5448958,daily,V1.0
CSI64301,daily,V1.0
S5470298,daily,V1.0
S5470300,daily,V1.0
CSI90401,daily,V1.0
S5470301,daily,V1.0
S5470302,daily,V1.0
S5470303,daily,V1.0
S5470304,daily,V1.0
S5470305,daily,V1.0
S5470306,daily,V1.0
S5470308,daily,V1.0
S5470310,daily,V1.0
S5470311,daily,V1.0
S5470312,daily,V1.0
S5470313,daily,V1.0
S5470314,daily,V1.0
S5470316,daily,V1.0
S5470318,daily,V1.0
S5470319,daily,V1.0
S5470325,daily,V1.0
S5470326,daily,V1.0
S5470327,daily,V1.0
S5470329,daily,V1.0
S5470330,daily,V1.0
S5470331,daily,V1.0
S5470332,daily,V1.0
S5470333,daily,V1.0
S5470335,daily,V1.0
S5470336,daily,V1.0
S5470337,daily,V1.0
S5470339,daily,V1.0
S5470342,daily,V1.0
S5470347,daily,V1.0
S5470349,daily,V1.0
CSI93201,daily,V1.0
S5470354,daily,V1.0
S5470358,daily,V1.0
S5470364,daily,V1.0
S5470393,daily,V1.0
S5470395,daily,V1.0
S5470397,daily,V1.0
S5470402,daily,V1.0
S5470405,daily,V1.0
S5470409,daily,V1.0
S5470411,daily,V1.0
S5470414,daily,V1.0
S5470420,daily,V1.0
S5470426,daily,V1.0
S5470428,daily,V1.0
S5470432,daily,V1.0
S5470433,daily,V1.0
S5470434,daily,V1.0
S5470435,daily,V1.0
S5470439,daily,V1.0
S5470444,daily,V1.0
S5470445,daily,V1.0
S5470446,daily,V1.0
S5470449,daily,V1.0
S5470451,daily,V1.0
S5470454,daily,V1.0
S5470455,daily,V1.0
S5470457,daily,V1.0
S5474437,daily,V1.0
CSI98501,daily,V1.0
S5474438,daily,V1.0
S5474439,daily,V1.0
S5474440,daily,V1.0
S5474441,daily,V1.0
S5474442,daily,V1.0
S5474444,daily,V1.0
S5475188,daily,V1.0
S5475208,daily,V1.0
S5707798,daily,V1.0
S5707804,daily,V1.0
S5708254,daily,V1.0
CUSHF01C,daily,V1.0
S5714971,daily,V1.0
S5714972,daily,V1.0
CV630001,daily,V1.0
S5801706,daily,V1.0
S5801707,daily,V1.0
S5801709,daily,V1.0
S5801720,daily,V1.0
S5801724,daily,V1.0
S5801780,daily,V1.0
CV630002,daily,V1.0
S5811332,daily,V1.0
S5811336,daily,V1.0
S5811337,daily,V1.0
S5811575,daily,V1.0
S5811582,daily,V1.0
S5811586,daily,V1.0
S5811587,daily,V1.0
S5811590,daily,V1.0
S5814929,daily,V1.0
CV630003,daily,V1.0
S5814932,daily,V1.0
S5814945,daily,V1.0
S5814964,daily,V1.0
S5814966,daily,V1.0
S5814967,daily,V1.0
S5814970,daily,V1.0
ATR1Y00D,daily,V1.0
CV630004,daily,V1.0
CZ630001,daily,V1.0
S6949588,daily,V1.0
SBW21001,daily,V1.0
SEMAC001,daily,V1.0
SEMAC002,daily,V1.0
SEMAC003,daily,V1.0
SEMAC004,daily,V1.0
SFCZC01C,daily,V1.0
CZ630002,daily,V1.0
SH000300,daily,V1.0
SH001501,daily,V1.0
SH001701,daily,V1.0
SH004701,daily,V1.0
SH013201,daily,V1.0
CZ630003,daily,V1.0
SH013301,daily,V1.0
SH069801,daily,V1.0
SH069901,daily,V1.0
D10Y000D,daily,V1.0
SH090601,daily,V1.0
SI801010,daily,V1.0
SI801030,daily,V1.0
SI801040,daily,V1.0
SI801050,daily,V1.0
SI801080,daily,V1.0
SI801110,daily,V1.0
SI801120,daily,V1.0
SI801130,daily,V1.0
SI801140,daily,V1.0
SI801150,daily,V1.0
SI801160,daily,V1.0
SI801170,daily,V1.0
SI801180,daily,V1.0
SI801200,daily,V1.0
SI801210,daily,V1.0
SI801230,daily,V1.0
SI801710,daily,V1.0
SI801720,daily,V1.0
SI801730,daily,V1.0
D1Y0000D,daily,V1.0
SI801740,daily,V1.0
SI801750,daily,V1.0
SI801760,daily,V1.0
SI801770,daily,V1.0
SI801780,daily,V1.0
SI801790,daily,V1.0
SI801880,daily,V1.0
SI801890,daily,V1.0
SI801950,daily,V1.0
SI801960,daily,V1.0
SI801970,daily,V1.0
SI801980,daily,V1.0
SMACD001,daily,V1.0
SMACD002,daily,V1.0
SMACD003,daily,V1.0
SMACD004,daily,V1.0
SMACD005,daily,V1.0
SMACDS01,daily,V1.0
SMACDS02,daily,V1.0
SMACDS03,daily,V1.0
D5Y0000D,daily,V1.0
SMACDS04,daily,V1.0
SMACDS05,daily,V1.0
SMACDS06,daily,V1.0
SMACDS07,daily,V1.0
SMCZC01C,daily,V1.0
SNSHF01C,daily,V1.0
SRSI1401,daily,V1.0
SRSI1402,daily,V1.0
SSSHF00C,daily,V1.0
SX5EDF0C,daily,V1.0
T3247774,daily,V1.0
TB0YWI00,daily,V1.0
TB0YWI0C,daily,V1.0
TB0YWI0H,daily,V1.0
TB0YWI0L,daily,V1.0
TB0YWI0V,daily,V1.0
TB0YWI0W,daily,V1.0
AGUIDC1C,daily,V1.0
AUUIDC1C,daily,V1.0
SX5EDF1C,daily,V1.0
CSI26904,daily,V1.0
S0114089,weekly,V1.0
N1355677,weekly,V1.0
ATR1Y00W,weekly,V1.0
TB0YWI10,weekly,V1.0
TB0YWI1C,weekly,V1.0
TB0YWI1H,weekly,V1.0
TB0YWI1L,weekly,V1.0
TB0YWI1V,weekly,V1.0
TB0YWI1W,weekly,V1.0
TB0YWI20,weekly,V1.0
TB0YWI2C,weekly,V1.0
DEA10Y0W,weekly,V1.0
TB0YWI2H,weekly,V1.0
TB0YWI2L,weekly,V1.0
TB0YWI2V,weekly,V1.0
TB0YWI2W,weekly,V1.0
TB1YWI10,weekly,V1.0
TB1YWI1C,weekly,V1.0
TB1YWI1H,weekly,V1.0
TB1YWI1L,weekly,V1.0
TB1YWI1V,weekly,V1.0
TB1YWI1W,weekly,V1.0
TB1YWI20,weekly,V1.0
DEA1Y00W,weekly,V1.0
TB1YWI2C,weekly,V1.0
TB1YWI2H,weekly,V1.0
TB1YWI2L,weekly,V1.0
TB1YWI2V,weekly,V1.0
TB1YWI2W,weekly,V1.0
TB5YWI10,weekly,V1.0
TB5YWI1C,weekly,V1.0
TB5YWI1H,weekly,V1.0
TB5YWI1L,weekly,V1.0
TB5YWI1V,weekly,V1.0
DEA5Y00W,weekly,V1.0
TB5YWI1W,weekly,V1.0
TB5YWI20,weekly,V1.0
TB5YWI2C,weekly,V1.0
TB5YWI2H,weekly,V1.0
TB5YWI2L,weekly,V1.0
TB5YWI2V,weekly,V1.0
TB5YWI2W,weekly,V1.0
TCFE0010,weekly,V1.0
TCFE001A,weekly,V1.0
DIF10Y0W,weekly,V1.0
TCFE001C,weekly,V1.0
TCFE001H,weekly,V1.0
TCFE001L,weekly,V1.0
TCFE001S,weekly,V1.0
TCFE001V,weekly,V1.0
TCFE0020,weekly,V1.0
TCFE002A,weekly,V1.0
TCFE002C,weekly,V1.0
TCFE002H,weekly,V1.0
TCFE002L,weekly,V1.0
TCFE002S,weekly,V1.0
TCFE002V,weekly,V1.0
DIF1Y00W,weekly,V1.0
TCFE010I,weekly,V1.0
TCFE01VR,weekly,V1.0
TCFE020I,weekly,V1.0
TCFE02VR,weekly,V1.0
TCFE02WR,weekly,V1.0
TCFE03WR,weekly,V1.0
DIF5Y00W,weekly,V1.0
TCFE10BV,weekly,V1.0
TCFE1MA4,weekly,V1.0
TCFE1MA8,weekly,V1.0
TCFE20BV,weekly,V1.0
TCFE2MA4,weekly,V1.0
TCFE2MA8,weekly,V1.0
V0135838,weekly,V1.0
V0184553,weekly,V1.0
W0192843,weekly,V1.0
X0100205,weekly,V1.0
Y0110594,weekly,V1.0
ATR5Y00W,weekly,V1.0
HWW00001,weekly,V1.0
HWW00002,weekly,V1.0
HWW00003,weekly,V1.0
HWW00004,weekly,V1.0
HWW00005,weekly,V1.0
HWW00006,weekly,V1.0
HWW00007,weekly,V1.0
HWW00008,weekly,V1.0
HWW00009,weekly,V1.0
HWW00010,weekly,V1.0
HWW00011,weekly,V1.0
HWW00012,weekly,V1.0
HWC00001,weekly,V1.0
HWC00002,weekly,V1.0
HWC00003,weekly,V1.0
HWL00001,weekly,V1.0
EMA120YW,weekly,V1.0
HWM00001,weekly,V1.0
HWM00002,weekly,V1.0
HWM00003,weekly,V1.0
HWM00004,weekly,V1.0
HWM00005,weekly,V1.0
HWM00006,weekly,V1.0
HWM00007,weekly,V1.0
HWM00008,weekly,V1.0
HWM00009,weekly,V1.0
HWM00012,weekly,V1.0
HWM00013,weekly,V1.0
HWM00014,weekly,V1.0
HWM00015,weekly,V1.0
HWM00016,weekly,V1.0
HWM00017,weekly,V1.0
HWM00018,weekly,V1.0
HWM00019,weekly,V1.0
EMA121YW,weekly,V1.0
HWM00020,weekly,V1.0
HWM00021,weekly,V1.0
HWR00001,weekly,V1.0
HWS00001,weekly,V1.0
HWS00002,weekly,V1.0
HWS00003,weekly,V1.0
HWS00004,weekly,V1.0
HWS00005,weekly,V1.0
HWS00006,weekly,V1.0
EMA125YW,weekly,V1.0
EMA260YW,weekly,V1.0
EMA261YW,weekly,V1.0
EMA265YW,weekly,V1.0
ZA000001,weekly,V1.0
ZA000002,weekly,V1.0
ZA000003,weekly,V1.0
ZY000001,weekly,V1.0
ZY000002,weekly,V1.0
ZY000003,weekly,V1.0
ZY000004,weekly,V1.0
ZY000005,weekly,V1.0
ZY000006,weekly,V1.0
ZY000007,weekly,V1.0
ZY000008,weekly,V1.0
ATRH1Y0W,weekly,V1.0
ZY000009,weekly,V1.0
ZY000010,weekly,V1.0
ZY000011,weekly,V1.0
ZY000012,weekly,V1.0
ZY000013,weekly,V1.0
ZY000014,weekly,V1.0
ZY000015,weekly,V1.0
ZY000016,weekly,V1.0
ZY000017,weekly,V1.0
ZY000018,weekly,V1.0
ZY000019,weekly,V1.0
ZY000020,weekly,V1.0
ZY000021,weekly,V1.0
ZY000022,weekly,V1.0
ZY000023,weekly,V1.0
ZY000024,weekly,V1.0
ZY000025,weekly,V1.0
ZY000026,weekly,V1.0
ZY000027,weekly,V1.0
ZY000028,weekly,V1.0
ZY000029,weekly,V1.0
ZY000030,weekly,V1.0
ZY000031,weekly,V1.0
ZY000032,weekly,V1.0
ZY000033,weekly,V1.0
ZY000034,weekly,V1.0
ZY000035,weekly,V1.0
ZY000036,weekly,V1.0
ZY000037,weekly,V1.0
ZY000038,weekly,V1.0
ZY000039,weekly,V1.0
ZY000040,weekly,V1.0
ZY000041,weekly,V1.0
ZY000042,weekly,V1.0
ZY000043,weekly,V1.0
ZY000044,weekly,V1.0
ZY000045,weekly,V1.0
ZY000046,weekly,V1.0
ZY000047,weekly,V1.0
ZY000048,weekly,V1.0
ZY000054,weekly,V1.0
ZY000055,weekly,V1.0
ZY000056,weekly,V1.0
ZY000057,weekly,V1.0
ZY000058,weekly,V1.0
ZY000059,weekly,V1.0
ZY000060,weekly,V1.0
ZY000061,weekly,V1.0
ZY000062,weekly,V1.0
ZY000063,weekly,V1.0
ZY000064,weekly,V1.0
ZY000065,weekly,V1.0
ZY000066,weekly,V1.0
ZY000067,weekly,V1.0
ZY000068,weekly,V1.0
ZY000069,weekly,V1.0
ZY000070,weekly,V1.0
ZY000071,weekly,V1.0
ZY000072,weekly,V1.0
ZY000073,weekly,V1.0
ZY000074,weekly,V1.0
ZY000075,weekly,V1.0
ZY000076,weekly,V1.0
ZY000077,weekly,V1.0
ZY000078,weekly,V1.0
ZY000079,weekly,V1.0
ZY000124,weekly,V1.0
ZY000125,weekly,V1.0
ZY000126,weekly,V1.0
G0100883,weekly,V1.0
ZY000127,weekly,V1.0
ZO000001,weekly,V1.0
ZO000003,weekly,V1.0
ZO000004,weekly,V1.0
ZO000005,weekly,V1.0
ZO000006,weekly,V1.0
ZO000007,weekly,V1.0
ZO000008,weekly,V1.0
ZO000009,weekly,V1.0
G0100884,weekly,V1.0
ZO000010,weekly,V1.0
ZO000011,weekly,V1.0
ZO000012,weekly,V1.0
ZO000013,weekly,V1.0
ZO000014,weekly,V1.0
ZO000015,weekly,V1.0
ZO000016,weekly,V1.0
ZO000017,weekly,V1.0
ZO000018,weekly,V1.0
ZO000019,weekly,V1.0
G0100886,weekly,V1.0
ZO000025,weekly,V1.0
ZO000026,weekly,V1.0
ZO000027,weekly,V1.0
ZO000028,weekly,V1.0
ZO000029,weekly,V1.0
G0100887,weekly,V1.0
ZO000030,weekly,V1.0
ZO000031,weekly,V1.0
ZO000032,weekly,V1.0
ZO000033,weekly,V1.0
ZO000034,weekly,V1.0
ZO000035,weekly,V1.0
ZO000036,weekly,V1.0
ZO000037,weekly,V1.0
ZO000038,weekly,V1.0
ZO000039,weekly,V1.0
G0100888,weekly,V1.0
ZF000001,weekly,V1.0
ZF000002,weekly,V1.0
ZF000003,weekly,V1.0
ZF000004,weekly,V1.0
G0100889,weekly,V1.0
TB1YWI3C,weekly,V1.0
TB5YWI3C,weekly,V1.0
TB0YWI3C,weekly,V1.0
TB3YWI3C,weekly,V1.0
TB7YWI3C,weekly,V1.0
G0100891,weekly,V1.0
WC000001,weekly,V1.0
WC000002,weekly,V1.0
WC000003,weekly,V1.0
WC000004,weekly,V1.0
WC000005,weekly,V1.0
G0100893,weekly,V1.0
G0200883,weekly,V1.0
G0200884,weekly,V1.0
G0200886,weekly,V1.0
G0200887,weekly,V1.0
G0200888,weekly,V1.0
ATRH5Y0W,weekly,V1.0
G0200889,weekly,V1.0
G0200891,weekly,V1.0
G0200893,weekly,V1.0
J10Y000W,weekly,V1.0
J1Y0000W,weekly,V1.0
J5Y0000W,weekly,V1.0
JE10Y00W,weekly,V1.0
JE1Y000W,weekly,V1.0
JE5Y000W,weekly,V1.0
K10Y000W,weekly,V1.0
K1Y0000W,weekly,V1.0
K5Y0000W,weekly,V1.0
KDJ010YW,weekly,V1.0
KDJ01Y0W,weekly,V1.0
KDJ05Y0W,weekly,V1.0
L0139791,weekly,V1.0
L0147566,weekly,V1.0
BBI10Y0W,weekly,V1.0
BBI1Y00W,weekly,V1.0
BBI5Y00W,weekly,V1.0
M0061614,weekly,V1.0
BBIB10YW,weekly,V1.0
M0062600,weekly,V1.0
M0117142,weekly,V1.0
M0120188,weekly,V1.0
M0120195,weekly,V1.0
M0120202,weekly,V1.0
M0120216,weekly,V1.0
BBIB1Y0W,weekly,V1.0
M0120223,weekly,V1.0
M0141371,weekly,V1.0
M0141739,weekly,V1.0
M0161673,weekly,V1.0
M0161674,weekly,V1.0
M0161675,weekly,V1.0
M0161676,weekly,V1.0
M0161677,weekly,V1.0
M0161678,weekly,V1.0
M0161679,weekly,V1.0
M0161680,weekly,V1.0
M0161681,weekly,V1.0
M0161682,weekly,V1.0
BBIB5Y0W,weekly,V1.0
M0161683,weekly,V1.0
M0161684,weekly,V1.0
M0161685,weekly,V1.0
M0161686,weekly,V1.0
M0161687,weekly,V1.0
M0161688,weekly,V1.0
M0162541,weekly,V1.0
M0196870,weekly,V1.0
M0200612,weekly,V1.0
M0201385,weekly,V1.0
M0217126,weekly,V1.0
M0217142,weekly,V1.0
M0220188,weekly,V1.0
M0220195,weekly,V1.0
M0220202,weekly,V1.0
M0220216,weekly,V1.0
BIAS10YW,weekly,V1.0
M0220223,weekly,V1.0
M0241371,weekly,V1.0
M0241739,weekly,V1.0
M0243821,weekly,V1.0
M0261518,weekly,V1.0
M0262541,weekly,V1.0
M0309973,weekly,V1.0
BIAS1Y0W,weekly,V1.0
M0517126,weekly,V1.0
M0817126,weekly,V1.0
BIAS5Y0W,weekly,V1.0
M1001795,weekly,V1.0
BIASB0YW,weekly,V1.0
M1011654,weekly,V1.0
M1014902,weekly,V1.0
M1021654,weekly,V1.0
M1024902,weekly,V1.0
M1148909,weekly,V1.0
M1331593,weekly,V1.0
M1331594,weekly,V1.0
M1332208,weekly,V1.0
M1342074,weekly,V1.0
BIASB1YW,weekly,V1.0
M1543249,weekly,V1.0
M2332208,weekly,V1.0
M2341115,weekly,V1.0
M2342074,weekly,V1.0
M2525763,weekly,V1.0
M5226731,weekly,V1.0
MACD10YW,weekly,V1.0
MACD1Y0W,weekly,V1.0
BIASB5YW,weekly,V1.0
MACD5Y0W,weekly,V1.0
MACDC0YW,weekly,V1.0
MACDC1YW,weekly,V1.0
MACDC5YW,weekly,V1.0
MACDD0YW,weekly,V1.0
C1925068,weekly,V1.0
MACDD1YW,weekly,V1.0
MACDD5YW,weekly,V1.0
MACDG0YW,weekly,V1.0
MACDG1YW,weekly,V1.0
MACDG5YW,weekly,V1.0
N0191645,weekly,V1.0
N0291645,weekly,V1.0
R0119018,weekly,V1.0
RSI010YW,weekly,V1.0
RSI01Y0W,weekly,V1.0
RSI05Y0W,weekly,V1.0
RSI10Y0W,weekly,V1.0
RSI1Y00W,weekly,V1.0
RSI5Y00W,weekly,V1.0
RSI710YW,weekly,V1.0
RSI71Y0W,weekly,V1.0
RSI75Y0W,weekly,V1.0
RSIB10YW,weekly,V1.0
RSIB1Y0W,weekly,V1.0
RSIB5Y0W,weekly,V1.0
RSV10Y0W,weekly,V1.0
RSV1Y00W,weekly,V1.0
RSV5Y00W,weekly,V1.0
S0000070,weekly,V1.0
CCI10Y0W,weekly,V1.0
S0000071,weekly,V1.0
CCI1Y00W,weekly,V1.0
CCI5Y00W,weekly,V1.0
CCIT10YW,weekly,V1.0
S0110142,weekly,V1.0
S0110143,weekly,V1.0
S0110144,weekly,V1.0
S0110145,weekly,V1.0
S0110152,weekly,V1.0
S0110153,weekly,V1.0
S0158620,weekly,V1.0
S0158634,weekly,V1.0
S0167711,weekly,V1.0
S0167795,weekly,V1.0
S0167796,weekly,V1.0
CCIT1Y0W,weekly,V1.0
S0179664,weekly,V1.0
S0180497,weekly,V1.0
S0181750,weekly,V1.0
S0237843,weekly,V1.0
S0237844,weekly,V1.0
S0237847,weekly,V1.0
S0247603,weekly,V1.0
S0265883,weekly,V1.0
CCIT5Y0W,weekly,V1.0
S2726991,weekly,V1.0
S2726992,weekly,V1.0
S2726993,weekly,V1.0
S2726994,weekly,V1.0
S2726995,weekly,V1.0
S2726996,weekly,V1.0
S2726997,weekly,V1.0
S2727003,weekly,V1.0
S2727009,weekly,V1.0
S2727015,weekly,V1.0
S2727021,weekly,V1.0
S2727027,weekly,V1.0
S2727033,weekly,V1.0
S2727036,weekly,V1.0
S2727039,weekly,V1.0
S2727042,weekly,V1.0
S2727045,weekly,V1.0
S2727048,weekly,V1.0
S2733049,weekly,V1.0
S2772558,weekly,V1.0
S5021680,weekly,V1.0
S5021682,weekly,V1.0
S5021695,weekly,V1.0
S5021697,weekly,V1.0
S5021733,weekly,V1.0
S5021748,weekly,V1.0
S5125686,weekly,V1.0
S5133383,weekly,V1.0
S5133384,weekly,V1.0
S5133385,weekly,V1.0
S5133386,weekly,V1.0
S5133387,weekly,V1.0
S5133388,weekly,V1.0
S5133392,weekly,V1.0
S5133393,weekly,V1.0
S5133394,weekly,V1.0
S5133400,weekly,V1.0
S5133401,weekly,V1.0
S5133409,weekly,V1.0
S5133410,weekly,V1.0
S5133411,weekly,V1.0
S5133418,weekly,V1.0
S5133852,weekly,V1.0
S5133868,weekly,V1.0
S5133884,weekly,V1.0
CSI26902,weekly,V1.0
S5134688,weekly,V1.0
S5134689,weekly,V1.0
S5134691,weekly,V1.0
CSI26903,weekly,V1.0
S5440888,weekly,V1.0
S5440890,weekly,V1.0
S5440892,weekly,V1.0
S5440915,weekly,V1.0
S5441626,weekly,V1.0
S5441642,weekly,V1.0
S5441787,weekly,V1.0
S5441857,weekly,V1.0
S5441858,weekly,V1.0
S5441906,weekly,V1.0
S5442122,weekly,V1.0
S5442123,weekly,V1.0
S5442124,weekly,V1.0
S5442127,weekly,V1.0
S5442128,weekly,V1.0
S5442129,weekly,V1.0
S5442130,weekly,V1.0
S5442131,weekly,V1.0
S5442372,weekly,V1.0
CSI39502,weekly,V1.0
S5442385,weekly,V1.0
S5444096,weekly,V1.0
S5444097,weekly,V1.0
S5444100,weekly,V1.0
S5444140,weekly,V1.0
S5444186,weekly,V1.0
S5444189,weekly,V1.0
S5444190,weekly,V1.0
S5444191,weekly,V1.0
CSI39503,weekly,V1.0
S5446148,weekly,V1.0
S5446171,weekly,V1.0
S5449386,weekly,V1.0
S5458282,weekly,V1.0
S5458284,weekly,V1.0
S5458285,weekly,V1.0
S5458286,weekly,V1.0
S5458287,weekly,V1.0
S5469763,weekly,V1.0
S5470009,weekly,V1.0
S5470029,weekly,V1.0
S5470116,weekly,V1.0
S5470117,weekly,V1.0
S5470118,weekly,V1.0
S5470119,weekly,V1.0
S5470120,weekly,V1.0
CSI90402,weekly,V1.0
CSI90403,weekly,V1.0
ATR10Y0W,weekly,V1.0
CSI93202,weekly,V1.0
CSI93203,weekly,V1.0
S5471262,weekly,V1.0
S5474446,weekly,V1.0
S5475752,weekly,V1.0
CSI98502,weekly,V1.0
S5475754,weekly,V1.0
S5475756,weekly,V1.0
S5475759,weekly,V1.0
S5475834,weekly,V1.0
S5475847,weekly,V1.0
S5475850,weekly,V1.0
S5479502,weekly,V1.0
S5479503,weekly,V1.0
S5479504,weekly,V1.0
S5479505,weekly,V1.0
CSI98503,weekly,V1.0
S5479506,weekly,V1.0
S5479784,weekly,V1.0
S5479786,weekly,V1.0
S5705131,weekly,V1.0
S5713191,weekly,V1.0
S5713286,weekly,V1.0
S5713327,weekly,V1.0
S5713338,weekly,V1.0
S5715650,weekly,V1.0
S5715670,weekly,V1.0
S5715671,weekly,V1.0
S5716616,weekly,V1.0
S5811163,weekly,V1.0
S5811172,weekly,V1.0
S5811176,weekly,V1.0
S5811181,weekly,V1.0
S5912470,weekly,V1.0
S5912471,weekly,V1.0
S5912472,weekly,V1.0
S5912473,weekly,V1.0
S5912474,weekly,V1.0
S5912476,weekly,V1.0
S6940315,weekly,V1.0
S6949751,weekly,V1.0
S6949777,weekly,V1.0
S6955340,weekly,V1.0
TB3YWI1C,weekly,V1.0
TB7YWI1C,weekly,V1.0
SH001702,weekly,V1.0
SH001703,weekly,V1.0
SH004702,weekly,V1.0
SH004703,weekly,V1.0
SH013202,weekly,V1.0
SH013203,weekly,V1.0
SH013302,weekly,V1.0
SH013303,weekly,V1.0
SH069802,weekly,V1.0
SH069803,weekly,V1.0
SH069902,weekly,V1.0
SH069903,weekly,V1.0
D10Y000W,weekly,V1.0
D1Y0000W,weekly,V1.0
D5Y0000W,weekly,V1.0
T0127623,weekly,V1.0
V6384553,monthly,V1.0
X5100205,monthly,V1.0
X9143265,monthly,V1.0
Y0910594,monthly,V1.0
K1849787,monthly,V1.0
B1749047,monthly,V1.0
D8698862,monthly,V1.0
G0900691,monthly,V1.0
G1060820,monthly,V1.0
G1060892,monthly,V1.0
G0122156,monthly,V1.0
G2036054,monthly,V1.0
S0106010,monthly,V1.0
S5105044,monthly,V1.0
S5105035,monthly,V1.0
M0332318,monthly,V1.0
G0004041,monthly,V1.0
G1254021,monthly,V1.0
90000005,monthly,V1.0
90000006,monthly,V1.0
90000015,monthly,V1.0
G1000116,monthly,V1.0
G1010116,monthly,V1.0
G1020116,monthly,V1.0
M0000545,monthly,V1.0
M0000605,monthly,V1.0
M0000610,monthly,V1.0
M0000612,monthly,V1.0
M0001227,monthly,V1.0
M0001383,monthly,V1.0
M0001385,monthly,V1.0
M0001428,monthly,V1.0
M0009970,monthly,V1.0
M0009973,monthly,V1.0
M0010039,monthly,V1.0
M0010040,monthly,V1.0
M0017126,monthly,V1.0
M0043821,monthly,V1.0
M0043823,monthly,V1.0
M0043829,monthly,V1.0
M0061518,monthly,V1.0
M0061571,monthly,V1.0
M0061675,monthly,V1.0
M0061676,monthly,V1.0
M0061677,monthly,V1.0
M0061678,monthly,V1.0
M0061679,monthly,V1.0
M0061680,monthly,V1.0
M0061681,monthly,V1.0
M0061682,monthly,V1.0
M0061683,monthly,V1.0
M0061684,monthly,V1.0
M0061685,monthly,V1.0
M0061688,monthly,V1.0
M0096870,monthly,V1.0
M0100610,monthly,V1.0
M0110039,monthly,V1.0
M0110040,monthly,V1.0
M0141340,monthly,V1.0
M0141341,monthly,V1.0
M0141342,monthly,V1.0
M0143823,monthly,V1.0
M0148909,monthly,V1.0
M0200610,monthly,V1.0
M0209973,monthly,V1.0
M0210039,monthly,V1.0
M0210040,monthly,V1.0
M0241340,monthly,V1.0
M0241341,monthly,V1.0
M0241342,monthly,V1.0
M0317126,monthly,V1.0
M0331299,monthly,V1.0
M0331593,monthly,V1.0
M0341115,monthly,V1.0
M0341340,monthly,V1.0
M0341341,monthly,V1.0
M0341342,monthly,V1.0
M0409973,monthly,V1.0
M0509973,monthly,V1.0
M0617126,monthly,V1.0
M1786900,monthly,V1.0
M2786900,monthly,V1.0
M3786900,monthly,V1.0
M5206731,monthly,V1.0
M5440435,monthly,V1.0
M5525763,monthly,V1.0
M5786900,monthly,V1.0
S0029657,monthly,V1.0
S0029658,monthly,V1.0
S0073123,monthly,V1.0
S0105711,monthly,V1.0
S0107396,monthly,V1.0
S0123820,monthly,V1.0
S0129658,monthly,V1.0
S0172536,monthly,V1.0
S0172558,monthly,V1.0
S0173088,monthly,V1.0
S0207396,monthly,V1.0
S0223820,monthly,V1.0
S0229658,monthly,V1.0
S0252701,monthly,V1.0
S0252702,monthly,V1.0
S0252703,monthly,V1.0
S0272536,monthly,V1.0
S0272558,monthly,V1.0
S0273088,monthly,V1.0
S0307396,monthly,V1.0
S0323820,monthly,V1.0
S0329658,monthly,V1.0
S0372536,monthly,V1.0
S2707396,monthly,V1.0
S2707412,monthly,V1.0
S2707426,monthly,V1.0
S2772514,monthly,V1.0
S2772536,monthly,V1.0
S6114596,monthly,V1.0
S6114616,monthly,V1.0
S6425149,monthly,V1.0
S6425150,monthly,V1.0
S6425151,monthly,V1.0
S6623820,monthly,V1.0
T2627623,monthly,V1.0
M0041340,monthly,V1.0
M0041341,monthly,V1.0
M0041342,monthly,V1.0
